total_sold,venueid,catid,holiday,day_of_week
25,301,8,0,6
41,212,6,0,2
46,215,7,0,5
13,60,9,0,6
51,208,6,0,2
52,206,7,0,6
42,124,9,0,4
39,244,7,0,0
44,235,6,0,1
48,233,7,0,6
24,104,9,0,5
36,243,6,0,6
52,130,9,0,5
41,111,9,0,3
37,118,9,0,6
53,89,9,0,1
38,243,7,0,4
79,10,9,0,6
37,243,7,0,1
38,93,9,0,4
51,15,9,0,3
20,72,9,0,0
51,48,9,0,6
33,35,9,0,0
58,300,8,0,0
73,242,7,1,3
39,11,9,0,6
37,114,9,0,5
43,127,9,0,5
43,53,9,0,0
35,30,9,0,1
47,88,9,0,6
48,241,7,1,4
34,71,9,0,5
4,248,7,0,1
47,224,7,0,3
38,58,9,0,5
55,6,9,0,0
45,16,9,0,3
35,110,9,0,2
11,121,9,0,5
29,227,6,0,3
25,243,7,0,2
48,309,8,0,3
68,48,9,0,6
3,103,9,0,1
38,23,9,0,5
39,119,9,0,3
26,74,9,0,0
36,83,9,0,6
52,17,9,0,5
80,30,9,0,3
36,231,7,0,3
47,238,7,0,6
25,91,9,0,4
2,6,9,0,2
39,249,7,0,4
89,224,7,0,1
35,14,9,0,1
29,55,9,0,1
22,247,6,0,1
27,12,9,0,5
53,204,7,0,1
37,224,7,0,2
106,29,9,0,4
78,14,9,0,1
36,221,6,0,0
41,111,9,0,6
45,257,6,0,4
30,300,8,0,4
13,208,6,0,5
73,67,9,0,3
65,17,9,0,2
30,97,9,0,0
75,60,9,0,4
33,21,9,0,5
72,84,9,0,1
100,211,7,0,4
13,22,9,0,3
59,128,9,0,0
30,1,9,0,5
64,69,9,0,1
31,307,8,0,1
57,200,7,0,1
28,40,9,0,0
46,67,9,0,0
25,260,6,0,0
64,113,9,0,5
12,210,6,0,0
37,15,9,0,5
24,97,9,0,5
59,238,7,0,5
50,60,9,0,5
41,225,7,0,6
31,253,6,0,3
29,55,9,0,5
35,250,6,0,4
72,113,9,0,6
13,31,9,0,1
31,238,7,0,5
87,259,6,0,2
91,96,9,0,5
13,115,9,0,4
49,241,7,0,3
37,228,7,0,4
49,201,7,0,1
105,122,9,0,2
49,76,9,0,5
58,303,8,0,5
29,26,9,0,5
25,94,9,0,6
32,104,9,0,2
39,215,6,0,4
62,19,9,0,1
17,38,9,0,1
63,96,9,0,2
21,219,7,0,5
41,244,6,0,2
84,204,7,0,3
19,8,9,0,2
61,235,7,0,0
36,76,9,1,4
27,99,9,0,6
39,60,9,0,3
39,62,9,0,3
63,205,7,0,2
34,239,7,0,2
28,61,9,0,5
44,51,9,0,1
4,73,9,0,0
57,200,7,0,6
32,74,9,1,4
42,31,9,0,4
12,105,9,0,5
28,105,9,0,0
39,43,9,0,5
9,41,9,0,5
46,11,9,0,6
63,227,7,0,6
77,73,9,0,1
57,47,9,0,4
45,32,9,0,6
80,124,9,0,0
40,52,9,0,1
33,102,9,0,6
25,245,7,0,2
50,30,9,0,6
74,307,8,0,1
75,15,9,0,0
39,210,7,0,5
58,208,7,0,6
61,1,9,0,2
30,254,6,0,6
12,48,9,0,5
72,79,9,0,4
42,117,9,0,5
31,205,6,0,3
43,203,7,0,6
40,210,7,0,0
28,308,8,0,3
4,219,6,0,2
52,257,6,0,1
38,308,8,0,5
23,12,9,0,5
39,126,9,0,3
30,21,9,0,4
38,206,6,0,2
25,206,6,0,4
9,242,7,0,6
40,15,9,0,2
39,201,7,0,0
50,307,8,0,0
58,115,9,0,2
36,231,6,0,2
13,5,9,0,4
10,240,7,0,6
62,213,7,0,6
87,112,9,0,2
49,80,9,0,6
3,243,7,0,0
16,237,7,0,3
43,70,9,0,2
57,231,7,0,6
11,44,9,0,4
39,90,9,0,3
38,259,6,0,4
35,255,6,0,3
75,12,9,0,5
64,224,6,0,1
25,71,9,0,5
36,203,7,0,0
34,45,9,0,5
52,234,6,0,0
46,36,9,0,4
47,80,9,0,5
37,103,9,0,5
59,93,9,0,4
9,300,8,0,5
36,235,7,0,4
90,235,7,0,2
72,36,9,0,5
53,19,9,0,5
32,84,9,0,0
85,247,6,0,2
39,226,6,0,3
16,229,7,0,6
55,301,8,0,0
38,238,6,0,5
41,113,9,0,3
41,203,6,0,5
66,306,8,0,4
27,120,9,0,5
38,41,9,0,5
28,60,9,0,0
38,109,9,0,5
55,307,8,0,5
80,1,9,0,5
21,17,9,0,1
47,231,6,0,4
22,215,7,0,3
53,29,9,0,5
47,98,9,0,5
22,100,9,0,6
40,226,7,0,4
21,221,7,0,4
38,115,9,0,0
30,219,7,0,6
41,243,6,0,6
57,250,6,0,3
33,76,9,0,5
48,250,6,0,3
42,97,9,0,3
50,240,6,0,6
13,94,9,0,3
77,80,9,0,3
47,210,6,0,3
49,128,9,0,6
62,204,7,0,1
31,92,9,1,0
31,236,7,0,2
21,25,9,0,5
52,72,9,0,4
20,12,9,0,1
52,64,9,0,2
43,214,7,0,6
69,84,9,0,6
52,55,9,0,6
38,244,7,0,1
23,245,7,0,3
49,30,9,0,3
42,103,9,0,3
69,15,9,0,1
57,34,9,0,0
63,234,6,0,6
48,77,9,0,1
44,203,6,0,1
45,34,9,0,2
21,126,9,0,5
71,121,9,0,4
52,26,9,0,4
2,116,9,0,5
28,55,9,0,4
28,93,9,0,3
55,216,6,0,3
51,303,8,0,1
26,2,9,0,6
49,255,6,0,1
49,222,6,0,6
34,35,9,0,3
41,17,9,0,2
63,86,9,0,5
72,105,9,0,3
42,58,9,0,0
52,217,7,0,3
69,80,9,0,3
49,239,6,0,1
65,115,9,0,6
70,114,9,0,0
23,213,6,0,1
61,69,9,0,1
26,217,6,0,2
3,87,9,0,0
44,23,9,0,6
39,218,6,0,4
37,102,9,0,6
44,227,6,0,0
53,76,9,0,3
16,214,6,0,1
26,25,9,0,5
48,125,9,0,2
35,16,9,0,5
28,56,9,0,2
66,44,9,0,6
50,300,8,0,4
20,246,7,0,2
55,241,7,0,2
21,225,7,0,0
63,224,6,0,1
85,230,7,0,1
36,18,9,0,0
35,34,9,0,0
57,229,7,0,6
30,207,7,0,3
4,301,8,0,2
51,4,9,0,1
84,248,6,0,6
5,46,9,0,4
65,207,7,0,3
19,215,7,0,6
43,63,9,0,1
46,55,9,0,6
25,239,7,0,2
36,246,7,0,0
10,73,9,0,4
30,58,9,0,5
62,232,7,0,4
10,45,9,0,6
43,130,9,0,5
23,218,7,0,4
34,100,9,1,4
44,54,9,0,6
54,62,9,0,4
75,12,9,0,3
27,211,7,0,0
40,36,9,0,2
31,90,9,0,4
29,235,7,0,2
49,241,6,0,1
43,88,9,0,3
30,42,9,0,4
53,63,9,0,5
6,10,9,0,1
53,40,9,0,5
73,214,6,0,4
47,303,8,0,1
46,11,9,0,3
55,203,7,0,2
46,300,8,0,1
34,240,6,0,4
60,23,9,0,1
50,246,6,0,2
74,306,8,0,5
67,16,9,0,5
17,92,9,0,6
27,62,9,0,0
41,200,6,0,3
28,109,9,0,6
34,90,9,0,6
75,103,9,0,4
29,216,6,0,1
41,71,9,0,0
34,305,8,0,2
18,87,9,0,5
47,202,6,0,1
33,229,6,0,3
36,69,9,0,0
58,127,9,0,2
50,127,9,0,4
30,68,9,0,5
31,67,9,0,3
44,228,7,0,6
36,92,9,0,5
50,60,9,0,1
45,222,7,0,2
23,124,9,0,2
63,241,6,0,6
28,301,8,0,0
16,22,9,0,5
43,101,9,0,0
51,97,9,0,6
46,99,9,0,4
48,115,9,0,2
15,93,9,0,1
47,86,9,0,5
51,223,6,0,0
31,218,6,0,0
81,16,9,0,3
49,62,9,0,2
31,233,7,0,1
22,23,9,0,4
16,104,9,0,0
25,82,9,0,6
30,85,9,0,6
62,14,9,0,6
10,238,7,0,2
10,76,9,0,5
34,304,8,0,6
40,124,9,0,4
32,208,6,0,1
54,117,9,0,3
31,14,9,0,5
47,226,7,0,5
8,236,7,0,2
35,74,9,0,3
77,7,9,0,4
5,52,9,0,0
68,212,7,0,1
40,123,9,0,6
24,242,7,0,5
2,15,9,0,5
40,71,9,0,5
48,83,9,0,1
25,130,9,0,5
51,227,7,0,2
28,303,8,0,3
19,248,7,0,5
11,108,9,0,5
40,10,9,0,4
38,259,6,0,5
45,53,9,0,6
39,235,7,0,1
30,212,7,0,1
31,69,9,0,3
36,25,9,0,0
95,88,9,0,6
12,305,8,0,6
43,87,9,0,5
43,74,9,0,0
48,118,9,0,0
71,103,9,0,3
42,119,9,0,2
56,216,7,0,0
19,35,9,0,4
36,83,9,0,2
50,52,9,0,6
42,234,7,0,1
52,79,9,0,3
68,214,7,0,5
30,248,6,0,0
38,22,9,0,4
38,252,6,0,2
65,98,9,0,5
39,233,7,0,4
44,88,9,0,0
2,223,7,0,3
48,214,7,0,6
37,302,8,0,3
40,208,7,0,6
34,130,9,0,0
41,309,8,0,4
46,252,6,0,4
33,18,9,0,6
68,225,7,0,1
27,119,9,0,1
28,89,9,0,0
46,27,9,0,6
25,303,8,0,1
48,306,8,0,6
62,211,6,0,5
81,74,9,0,3
63,80,9,0,1
53,249,6,1,0
28,80,9,0,6
76,229,6,0,6
23,240,7,0,1
4,253,6,0,5
36,215,6,0,1
78,233,7,0,3
43,106,9,0,2
61,29,9,0,6
69,208,6,0,6
79,207,7,0,3
33,130,9,0,6
39,249,6,0,2
35,239,6,0,2
36,110,9,0,1
62,213,7,0,3
45,220,6,0,2
117,221,7,0,6
52,78,9,0,1
52,98,9,0,0
40,39,9,0,1
32,12,9,0,4
32,2,9,0,1
6,47,9,0,6
17,217,7,0,4
7,245,7,0,4
40,209,7,0,3
57,102,9,0,5
51,216,7,0,4
24,249,7,0,4
24,237,6,0,5
46,11,9,0,3
71,112,9,0,3
45,57,9,0,5
34,244,7,0,4
28,29,9,0,2
63,215,7,0,1
98,65,9,0,5
33,44,9,0,3
3,85,9,0,3
52,11,9,0,5
15,112,9,0,5
50,48,9,0,4
15,219,7,0,2
33,240,6,0,3
44,200,7,0,0
21,81,9,0,0
37,231,7,0,5
50,8,9,0,5
39,38,9,0,6
35,263,6,0,1
2,101,9,0,5
28,96,9,1,0
18,212,7,0,2
36,4,9,0,1
53,206,6,0,2
49,4,9,0,6
34,120,9,0,3
36,237,6,0,3
62,220,7,0,1
33,238,6,0,1
15,55,9,0,0
33,28,9,0,0
66,238,6,0,2
61,11,9,0,1
22,103,9,0,1
46,233,6,0,2
47,6,9,0,3
9,106,9,0,3
60,103,9,0,4
59,4,9,0,4
30,96,9,0,2
23,69,9,0,5
41,306,8,0,5
8,20,9,0,3
43,99,9,0,0
19,238,7,0,5
51,208,6,0,2
31,245,7,0,2
28,57,9,0,4
73,128,9,0,1
29,48,9,0,6
50,18,9,0,4
24,8,9,0,2
44,6,9,0,1
82,211,7,0,5
44,100,9,0,1
58,121,9,0,2
40,224,7,0,1
62,216,7,0,0
52,25,9,0,0
26,240,6,0,2
31,6,9,0,2
8,252,6,0,3
21,250,6,0,2
77,223,7,0,1
45,69,9,0,6
52,32,9,1,0
35,247,7,0,4
28,207,6,0,5
44,106,9,0,3
74,202,6,0,4
33,222,7,0,2
63,200,7,0,6
77,29,9,0,2
5,39,9,0,2
36,85,9,0,5
42,306,8,0,6
45,110,9,0,6
40,78,9,0,6
31,70,9,0,4
34,100,9,0,6
32,108,9,0,6
54,123,9,0,0
43,88,9,0,6
56,114,9,0,3
47,122,9,0,6
70,81,9,0,0
46,102,9,0,1
37,35,9,1,0
20,121,9,0,3
62,233,7,0,2
56,124,9,0,2
42,233,7,0,1
2,203,7,0,0
62,233,6,0,2
52,218,6,0,6
32,106,9,0,3
83,97,9,0,1
72,304,8,0,6
73,226,7,0,3
32,36,9,0,6
30,221,7,0,0
10,215,7,0,1
57,74,9,0,6
19,111,9,0,5
64,261,6,0,2
18,32,9,0,0
48,105,9,0,0
45,227,6,0,6
51,130,9,0,4
69,113,9,0,4
52,206,7,1,0
25,247,6,0,6
50,306,8,0,0
41,223,7,0,0
54,36,9,0,5
24,242,6,0,2
52,88,9,0,3
42,82,9,0,6
45,49,9,0,4
33,228,7,0,6
35,215,6,0,4
38,89,9,0,2
40,233,6,0,3
23,246,7,0,4
39,59,9,0,6
119,216,7,0,2
57,125,9,0,5
52,13,9,0,0
50,127,9,0,6
48,86,9,0,2
51,31,9,0,3
46,302,8,0,4
42,222,6,0,4
18,5,9,0,3
5,216,7,0,3
40,105,9,0,5
54,124,9,0,6
10,85,9,0,6
38,68,9,0,4
46,11,9,0,5
41,107,9,0,5
21,208,7,0,6
44,304,8,1,0
19,85,9,0,1
40,14,9,0,2
49,85,9,0,5
22,119,9,0,4
27,209,7,0,1
4,219,7,0,4
52,249,7,0,1
30,54,9,0,4
16,79,9,0,3
31,235,6,0,2
45,105,9,0,3
37,202,6,0,4
46,62,9,0,6
83,254,6,0,5
63,26,9,0,6
34,19,9,0,4
40,1,9,0,6
33,200,7,0,4
63,101,9,0,4
67,200,6,0,2
53,116,9,0,2
88,59,9,0,2
32,32,9,0,2
6,209,7,0,0
48,70,9,0,6
27,245,7,0,0
54,244,7,0,6
68,217,7,0,1
47,75,9,0,3
34,225,7,0,6
47,206,7,0,6
36,71,9,0,2
33,58,9,0,1
46,256,6,0,3
63,242,7,0,6
43,51,9,0,6
34,125,9,0,1
38,244,7,0,3
59,82,9,0,4
38,207,7,0,3
44,87,9,0,3
38,56,9,0,3
36,217,7,0,0
43,50,9,0,5
37,9,9,0,4
7,30,9,0,5
47,80,9,0,1
8,13,9,0,1
41,16,9,0,1
50,301,8,0,1
38,66,9,0,0
37,216,7,0,3
47,90,9,0,5
39,248,7,0,5
49,102,9,0,3
13,239,7,0,4
26,229,6,0,5
50,106,9,0,2
36,60,9,0,4
24,90,9,0,4
9,36,9,0,0
54,204,7,0,2
91,228,6,0,2
30,223,7,0,1
27,68,9,0,6
44,101,9,0,0
72,211,7,0,3
23,58,9,0,4
54,61,9,0,4
11,237,7,0,5
45,104,9,0,3
67,205,7,0,4
17,221,6,0,4
42,210,6,0,0
43,305,8,0,3
41,119,9,0,6
82,91,9,0,1
28,216,7,0,2
53,38,9,0,6
42,309,8,0,6
32,80,9,0,1
36,83,9,0,4
42,203,7,0,3
32,32,9,0,2
42,92,9,0,6
20,14,9,0,0
49,216,7,0,0
22,93,9,0,6
65,303,8,0,3
26,75,9,0,5
30,246,6,0,2
33,15,9,0,6
63,32,9,0,1
31,45,9,0,1
36,23,9,0,0
41,219,7,0,3
51,127,9,0,3
41,57,9,0,1
37,211,7,0,0
37,227,7,0,6
46,60,9,0,1
25,78,9,0,6
54,71,9,0,6
71,251,6,0,4
118,31,9,0,2
54,302,8,0,5
57,68,9,0,6
37,85,9,0,6
23,222,7,0,2
39,69,9,0,5
7,58,9,0,6
24,1,9,1,3
7,303,8,0,6
38,38,9,0,5
44,227,7,0,1
36,74,9,0,6
44,130,9,0,4
37,100,9,0,6
73,105,9,0,5
63,211,7,0,4
58,71,9,0,0
48,263,6,0,2
54,21,9,0,3
90,68,9,0,1
71,304,8,0,1
45,69,9,0,4
1,229,7,0,0
39,119,9,0,0
109,63,9,0,3
6,255,6,0,0
39,232,7,0,3
34,101,9,0,5
13,222,6,0,2
28,76,9,0,4
50,71,9,0,5
40,22,9,0,2
26,205,7,0,4
52,309,8,0,5
32,249,7,0,1
36,47,9,0,1
39,19,9,0,1
34,201,7,0,3
42,15,9,0,0
18,238,7,0,3
67,222,7,0,0
53,229,7,0,0
37,216,7,0,0
17,76,9,0,5
31,207,7,0,1
41,306,8,0,5
61,234,7,0,5
58,102,9,0,1
114,7,9,0,6
65,98,9,0,3
53,2,9,0,1
9,212,7,0,6
73,39,9,0,3
18,96,9,0,3
27,38,9,0,4
51,239,7,0,4
62,69,9,0,4
20,261,6,0,4
51,39,9,1,3
26,206,7,0,5
38,209,7,0,2
39,73,9,0,3
31,221,6,0,3
62,240,7,0,4
61,215,6,0,0
5,237,7,0,1
43,126,9,0,6
42,112,9,1,3
23,249,7,0,4
54,113,9,0,4
43,225,7,0,2
31,206,7,0,5
50,51,9,0,2
30,50,9,0,3
57,121,9,0,6
31,301,8,0,6
33,34,9,0,1
66,232,7,0,5
24,117,9,0,1
39,127,9,0,4
45,2,9,0,0
64,238,6,0,2
35,105,9,0,1
58,38,9,0,1
33,237,6,0,0
55,84,9,0,2
22,221,6,0,5
17,60,9,0,2
58,16,9,0,2
30,213,6,0,6
24,66,9,0,6
19,92,9,0,4
45,15,9,0,6
54,38,9,0,1
31,91,9,0,6
50,18,9,0,0
37,224,7,0,2
31,46,9,0,2
44,225,7,0,6
36,56,9,0,6
50,303,8,0,3
94,236,7,0,6
55,236,7,0,2
38,243,7,0,4
34,84,9,0,6
50,110,9,0,5
34,3,9,0,2
48,125,9,0,6
15,200,7,0,2
49,254,6,0,0
47,51,9,0,0
53,203,7,0,4
28,260,6,0,5
68,4,9,0,5
76,35,9,0,3
36,112,9,0,6
31,213,7,0,0
30,26,9,0,1
48,125,9,0,1
26,304,8,0,5
45,109,9,0,6
19,36,9,0,3
33,210,7,0,6
30,2,9,0,1
17,55,9,0,4
11,18,9,0,5
45,235,7,0,4
1,263,6,0,0
65,216,7,0,5
26,20,9,0,1
48,90,9,0,4
73,21,9,0,2
27,239,7,0,3
44,104,9,0,1
41,20,9,0,3
11,256,6,0,5
39,109,9,0,3
59,306,8,0,0
36,68,9,0,2
3,73,9,0,1
37,211,6,0,2
14,221,6,0,2
16,119,9,0,6
25,206,7,0,1
41,210,7,0,1
29,68,9,0,1
56,109,9,0,2
48,40,9,0,4
54,211,6,0,6
31,90,9,0,2
29,215,6,0,3
2,14,9,0,1
37,59,9,0,5
30,309,8,0,5
39,123,9,0,0
30,56,9,0,6
36,223,7,0,2
41,70,9,0,4
9,222,7,0,6
28,262,6,0,6
68,249,7,0,0
53,222,7,0,2
43,18,9,0,5
55,221,6,0,4
35,221,6,0,3
33,123,9,1,4
36,29,9,0,1
32,78,9,0,5
3,95,9,0,1
50,246,7,0,3
28,126,9,0,1
42,233,7,0,0
28,102,9,0,5
24,115,9,0,5
10,33,9,0,2
78,89,9,0,6
31,43,9,0,1
97,69,9,0,0
45,237,7,0,1
3,247,7,0,5
56,118,9,0,3
25,308,8,0,6
20,222,6,0,6
106,202,7,0,4
25,207,7,0,0
47,304,8,0,3
39,36,9,0,1
35,127,9,0,6
40,61,9,0,1
28,106,9,0,6
41,246,7,0,0
43,88,9,0,1
52,309,8,0,1
33,37,9,0,2
36,55,9,1,3
44,55,9,0,1
13,95,9,0,2
39,243,7,0,5
47,303,8,0,4
31,122,9,0,3
44,121,9,0,0
72,116,9,0,1
41,119,9,0,6
33,34,9,0,0
20,220,6,0,4
34,204,6,0,1
52,15,9,0,6
55,228,7,0,0
32,130,9,0,2
32,94,9,0,5
59,211,7,0,5
42,217,6,0,5
33,56,9,0,2
41,123,9,0,4
33,65,9,0,0
50,223,6,0,3
77,130,9,0,5
51,228,7,1,4
10,9,9,0,2
20,8,9,0,1
34,57,9,0,4
61,126,9,0,2
38,209,7,0,4
33,75,9,0,4
34,206,6,0,0
38,226,7,0,3
31,218,7,0,2
57,217,6,1,4
8,243,6,0,2
8,75,9,0,5
43,210,7,0,3
42,116,9,0,6
46,113,9,0,3
25,30,9,0,0
27,23,9,0,2
26,230,7,0,5
39,129,9,0,3
53,83,9,0,6
80,25,9,0,2
52,7,9,0,5
45,60,9,0,4
12,31,9,0,0
33,35,9,0,1
68,78,9,0,1
30,210,6,0,3
63,249,7,0,4
46,115,9,0,2
48,207,7,0,5
42,219,7,0,0
46,215,7,0,2
46,94,9,0,1
6,243,7,0,2
57,12,9,0,1
26,46,9,0,2
36,234,7,0,6
34,93,9,0,6
57,20,9,0,4
33,68,9,0,6
42,249,6,0,0
54,201,7,0,4
94,127,9,0,1
56,4,9,0,6
77,68,9,0,4
42,209,6,0,3
46,205,7,0,3
25,45,9,0,6
50,82,9,0,6
9,14,9,0,5
39,95,9,0,4
4,301,8,0,3
49,8,9,0,5
32,13,9,0,2
61,22,9,0,5
22,99,9,0,6
84,226,7,0,3
63,208,6,0,3
26,14,9,0,2
31,123,9,0,4
24,206,7,0,1
45,105,9,0,5
23,209,6,0,0
47,207,6,0,4
59,202,7,0,1
39,80,9,0,5
52,21,9,0,5
54,220,7,0,5
27,45,9,0,5
47,99,9,0,5
28,238,7,0,6
14,77,9,0,5
42,89,9,0,5
44,237,6,0,6
45,69,9,0,0
62,38,9,0,5
54,239,7,0,0
10,202,7,0,3
21,231,7,0,0
38,217,6,0,4
42,25,9,0,6
34,309,8,0,2
45,120,9,1,4
49,300,8,0,1
31,116,9,0,4
56,222,7,0,4
21,32,9,0,4
52,300,8,0,3
56,227,7,0,2
49,60,9,0,3
62,112,9,0,0
6,239,6,0,4
79,223,7,0,1
40,219,6,0,3
26,104,9,0,4
28,208,7,0,1
99,229,7,0,4
34,223,7,0,1
15,126,9,0,4
63,106,9,0,2
86,206,7,0,6
24,18,9,0,5
50,23,9,0,1
38,83,9,0,3
74,303,8,0,6
89,30,9,0,0
12,110,9,0,3
34,261,6,0,5
39,201,7,0,1
23,54,9,0,2
46,129,9,0,1
38,8,9,0,2
45,307,8,0,4
31,41,9,0,1
32,71,9,0,2
13,232,7,0,1
42,109,9,0,0
44,245,7,0,5
43,227,7,0,3
61,57,9,0,5
30,246,7,0,5
38,109,9,0,2
71,53,9,0,2
46,80,9,0,0
21,58,9,0,4
27,79,9,0,2
69,258,6,0,5
43,200,7,0,3
60,258,6,0,5
64,261,6,0,5
51,58,9,0,4
53,309,8,0,3
50,86,9,0,2
32,75,9,0,1
36,77,9,0,0
45,50,9,0,2
28,232,6,0,1
21,125,9,0,6
39,259,6,0,6
42,24,9,0,6
68,221,7,0,3
39,65,9,0,2
49,46,9,0,1
63,101,9,0,6
89,217,6,0,6
59,112,9,0,3
7,15,9,0,0
64,55,9,0,0
48,222,7,0,1
39,71,9,0,5
45,121,9,0,5
38,28,9,0,6
61,236,7,0,2
19,128,9,0,3
57,42,9,0,2
30,5,9,0,3
55,9,9,0,3
35,11,9,0,4
32,304,8,0,1
90,40,9,0,6
116,241,6,0,2
70,257,6,0,1
61,117,9,0,4
40,43,9,0,0
59,7,9,0,4
35,234,7,1,0
50,64,9,0,6
11,221,7,0,0
60,97,9,0,0
69,50,9,0,5
1,85,9,0,5
35,228,6,0,4
39,219,7,0,0
30,61,9,0,3
51,65,9,0,3
63,221,7,0,2
30,206,7,0,1
75,212,6,0,3
37,65,9,0,5
47,118,9,0,6
29,260,6,0,1
62,251,6,0,5
25,9,9,0,3
91,100,9,0,0
28,302,8,0,1
53,263,6,0,6
61,200,7,0,3
36,44,9,0,5
30,241,7,0,1
27,115,9,0,5
24,230,6,0,3
10,218,6,0,6
36,218,6,0,4
42,53,9,0,0
31,23,9,0,2
78,8,9,0,3
51,64,9,0,3
56,25,9,0,1
34,244,7,0,2
54,10,9,0,0
49,36,9,0,1
31,114,9,0,3
12,97,9,0,6
48,74,9,0,0
66,122,9,0,6
39,105,9,0,6
35,87,9,0,2
50,58,9,0,6
26,106,9,0,1
28,53,9,0,2
13,226,7,0,2
96,23,9,0,6
30,21,9,0,0
61,79,9,0,6
55,94,9,0,0
37,305,8,0,0
13,227,6,0,5
64,80,9,0,5
49,65,9,0,4
20,130,9,0,2
64,92,9,0,2
40,122,9,0,4
48,263,6,0,2
64,8,9,0,3
47,107,9,0,5
7,251,6,0,5
36,123,9,0,5
67,305,8,0,1
69,81,9,0,1
36,39,9,0,6
27,303,8,0,1
57,105,9,0,0
84,224,7,0,2
16,221,7,0,5
29,212,7,0,1
43,19,9,0,4
72,75,9,0,2
33,224,6,0,4
30,85,9,0,5
60,110,9,0,4
40,300,8,0,4
8,79,9,0,0
81,110,9,0,2
30,244,7,0,0
39,93,9,0,6
2,200,7,0,3
46,300,8,0,0
39,233,7,0,3
66,58,9,0,1
12,217,6,0,1
86,249,7,0,0
60,223,6,0,6
37,71,9,0,0
33,25,9,0,5
34,222,6,1,0
45,74,9,0,1
47,72,9,0,6
40,46,9,0,2
40,114,9,0,6
32,300,8,0,4
56,13,9,0,4
45,249,6,0,5
76,117,9,0,0
56,302,8,0,3
33,220,7,0,3
49,238,7,0,2
41,66,9,0,6
56,240,6,0,0
55,204,7,0,6
34,305,8,0,2
48,56,9,0,3
41,121,9,0,0
24,26,9,0,0
2,59,9,0,1
28,244,7,0,3
9,201,7,0,1
61,83,9,0,5
71,255,6,0,5
31,112,9,0,1
46,58,9,0,4
38,120,9,0,5
3,113,9,0,4
33,102,9,0,1
59,232,7,0,5
72,4,9,0,2
26,127,9,0,5
43,221,6,0,0
55,74,9,0,6
25,220,6,0,5
3,241,7,0,6
56,201,6,0,5
57,207,6,0,2
34,129,9,0,0
27,215,7,0,6
20,116,9,0,1
40,244,6,0,4
55,246,6,0,5
52,79,9,0,4
41,209,7,0,0
36,22,9,0,5
41,242,7,0,6
50,56,9,0,0
27,113,9,1,4
22,17,9,0,1
3,23,9,0,4
28,75,9,0,6
65,50,9,0,3
33,122,9,0,2
59,307,8,0,1
2,19,9,0,3
57,303,8,0,2
16,231,7,0,5
58,15,9,0,2
44,105,9,0,2
66,56,9,1,4
45,219,7,0,2
46,250,6,0,6
46,215,6,0,4
51,248,6,0,1
63,216,7,0,2
48,29,9,0,1
88,240,6,0,3
37,245,6,0,6
78,307,8,0,3
34,36,9,0,6
30,116,9,0,5
55,15,9,0,3
39,100,9,0,5
36,231,7,0,4
28,71,9,0,2
12,26,9,0,5
37,14,9,0,0
57,30,9,0,5
74,123,9,0,2
71,76,9,0,1
28,249,7,0,2
49,113,9,0,5
75,37,9,0,6
33,59,9,0,6
59,202,7,0,6
49,256,6,0,2
57,238,6,0,0
34,229,7,0,4
22,12,9,0,1
42,206,7,0,2
62,117,9,0,4
39,259,6,0,6
45,96,9,0,5
6,77,9,0,2
42,72,9,0,6
40,254,6,0,3
62,56,9,0,0
29,122,9,0,3
21,47,9,0,3
73,19,9,0,2
66,130,9,0,2
28,31,9,0,5
49,48,9,0,5
35,241,7,0,0
72,248,7,0,4
54,227,6,0,5
53,84,9,0,2
21,114,9,0,6
13,35,9,0,0
50,254,6,0,0
44,201,7,0,6
8,201,7,0,2
48,211,7,0,5
44,35,9,0,1
59,86,9,0,5
58,237,6,0,5
33,208,6,0,5
66,308,8,1,0
17,92,9,0,0
26,47,9,0,5
44,85,9,0,6
36,244,7,0,5
56,18,9,0,3
81,210,6,0,5
101,221,7,0,3
19,39,9,0,0
28,206,7,0,2
61,220,7,0,2
42,203,6,0,3
43,48,9,0,2
76,51,9,0,3
94,213,7,0,6
32,129,9,0,4
11,222,6,0,2
49,106,9,0,4
47,85,9,0,3
26,229,7,0,0
4,238,6,0,3
41,8,9,0,6
37,22,9,0,4
52,207,6,0,1
42,248,7,0,6
32,5,9,0,3
26,227,7,0,4
24,128,9,0,1
46,100,9,1,4
45,85,9,0,0
40,92,9,0,5
39,55,9,0,4
61,111,9,0,1
51,303,8,0,2
4,222,7,0,6
52,247,6,0,6
77,244,7,0,4
6,209,6,0,6
48,303,8,0,0
51,212,6,0,3
50,244,7,0,6
51,50,9,0,1
3,52,9,0,4
31,211,6,0,0
17,236,7,0,0
52,231,7,0,0
53,55,9,0,4
41,54,9,0,5
64,228,7,0,0
61,238,7,0,1
2,33,9,0,4
56,129,9,0,3
35,228,7,0,6
54,94,9,0,4
20,237,6,0,0
31,223,6,0,1
35,100,9,0,4
44,27,9,0,3
59,206,6,0,1
3,305,8,0,4
60,66,9,0,5
45,257,6,0,5
40,29,9,0,1
60,30,9,0,5
63,208,7,0,6
57,124,9,0,0
37,308,8,0,5
36,68,9,0,4
43,305,8,0,2
55,104,9,0,0
31,244,7,0,1
52,237,7,0,3
36,123,9,0,6
25,8,9,0,6
25,308,8,0,2
43,201,7,0,2
52,3,9,0,2
39,73,9,0,6
47,257,6,0,2
27,60,9,0,1
50,200,7,0,6
38,39,9,0,5
32,104,9,0,6
44,19,9,0,4
81,302,8,0,4
28,219,6,0,1
40,1,9,0,0
46,257,6,0,6
57,222,7,0,3
43,6,9,0,6
39,33,9,0,2
45,83,9,0,6
26,301,8,0,5
65,84,9,0,0
30,202,6,0,2
42,209,7,0,2
57,127,9,0,5
41,306,8,0,1
83,15,9,0,6
44,60,9,0,3
72,231,6,0,1
61,247,6,0,0
78,49,9,0,6
49,55,9,0,2
54,41,9,0,1
110,229,6,0,1
26,228,7,0,5
54,244,7,0,0
30,59,9,0,5
32,238,6,0,1
65,216,7,0,5
51,258,6,0,4
51,251,6,0,0
35,200,7,0,4
22,87,9,0,1
26,14,9,0,4
64,235,7,0,3
5,116,9,0,1
54,18,9,0,4
26,225,7,0,3
44,127,9,0,4
33,98,9,0,6
54,46,9,0,6
46,237,7,0,0
35,248,7,0,4
42,8,9,0,5
44,303,8,0,6
71,98,9,0,6
5,212,6,0,5
70,120,9,0,6
60,228,7,0,6
28,37,9,0,6
90,217,6,0,5
8,8,9,0,6
43,51,9,0,4
51,301,8,0,2
50,125,9,0,2
51,115,9,0,0
20,58,9,0,1
31,104,9,0,2
11,71,9,0,2
48,226,6,0,3
72,209,6,0,3
39,57,9,0,3
68,220,7,0,6
16,222,7,0,6
63,233,7,0,0
48,302,8,0,5
34,202,7,0,2
24,32,9,0,2
64,80,9,0,5
34,209,7,0,2
73,47,9,0,3
6,64,9,0,1
53,42,9,0,4
83,248,7,0,3
20,222,7,0,4
30,63,9,0,4
37,8,9,0,2
62,45,9,0,5
33,86,9,0,2
14,220,6,0,2
46,243,7,0,2
57,307,8,0,4
60,46,9,0,6
10,84,9,0,6
34,248,7,0,3
8,75,9,0,6
74,65,9,0,6
47,207,7,0,2
54,203,7,0,6
41,32,9,0,4
11,229,7,0,4
28,82,9,0,6
97,67,9,0,3
45,237,6,0,5
40,216,7,0,2
30,234,7,0,2
3,126,9,0,6
39,205,7,0,1
10,207,6,0,4
43,3,9,0,4
2,127,9,0,4
41,211,7,0,1
51,33,9,0,0
35,220,7,0,2
37,53,9,0,2
1,244,6,0,4
108,20,9,0,0
49,259,6,0,3
38,29,9,0,1
20,53,9,0,5
48,223,6,0,2
43,14,9,0,0
38,218,7,0,4
31,205,7,0,0
58,209,6,0,5
29,86,9,0,3
33,222,7,0,1
42,217,7,0,3
38,126,9,0,5
58,228,7,0,0
52,40,9,0,3
57,53,9,0,3
8,247,6,0,4
95,20,9,0,2
54,114,9,0,5
1,46,9,0,2
61,81,9,0,2
44,8,9,0,3
47,78,9,0,3
36,8,9,0,5
48,219,7,0,0
15,244,7,0,5
43,119,9,0,2
85,116,9,0,1
24,303,8,0,0
34,103,9,0,4
25,63,9,0,0
67,6,9,0,1
58,85,9,0,0
33,220,7,0,4
41,127,9,0,3
39,32,9,0,5
9,75,9,0,0
90,205,6,0,5
23,306,8,0,4
56,112,9,0,1
61,260,6,0,0
43,203,7,0,4
54,18,9,0,3
19,71,9,0,6
40,79,9,0,6
67,205,6,0,6
42,216,7,0,4
41,245,6,0,1
63,69,9,0,3
55,43,9,0,5
56,237,7,0,5
55,214,7,0,0
58,92,9,0,3
34,305,8,0,2
38,91,9,0,2
33,113,9,0,1
9,109,9,0,6
40,218,6,0,2
44,10,9,0,2
74,234,7,0,2
51,217,7,0,0
59,18,9,0,5
20,248,6,0,2
43,216,7,0,5
25,303,8,0,1
34,11,9,0,2
71,128,9,1,4
12,251,6,0,3
64,204,6,0,2
39,53,9,0,3
45,227,6,0,4
50,65,9,0,5
27,116,9,0,4
31,88,9,0,1
23,204,6,0,2
21,43,9,0,4
29,75,9,0,2
37,239,7,0,6
52,302,8,0,2
56,303,8,0,2
47,227,7,0,1
57,128,9,0,4
59,122,9,0,3
50,102,9,0,0
52,206,6,0,5
40,218,7,0,6
38,75,9,0,2
46,240,7,0,6
44,113,9,0,2
58,98,9,0,0
46,241,7,0,2
31,207,7,0,0
43,306,8,0,2
42,301,8,0,0
23,235,7,0,4
3,244,7,0,2
68,87,9,0,3
12,128,9,0,0
62,211,7,0,3
50,89,9,0,3
55,42,9,0,5
47,220,7,0,5
77,200,7,0,6
80,80,9,0,1
17,119,9,0,4
47,3,9,0,5
26,119,9,1,4
65,14,9,0,1
29,4,9,0,2
42,77,9,0,0
23,255,6,0,0
40,214,7,0,1
38,81,9,0,4
38,115,9,0,2
42,96,9,0,3
44,222,7,0,4
33,65,9,0,0
44,64,9,0,1
60,77,9,0,4
27,302,8,0,4
7,214,7,0,4
27,18,9,0,0
42,209,6,0,2
17,2,9,0,5
25,19,9,0,1
8,121,9,0,6
33,120,9,0,5
34,46,9,0,1
16,79,9,0,1
65,231,7,0,6
28,70,9,0,3
37,237,6,0,3
36,45,9,0,6
132,214,7,0,5
52,70,9,0,1
47,86,9,0,1
48,245,7,0,0
56,58,9,0,1
56,231,6,0,5
38,118,9,0,2
35,71,9,0,1
48,120,9,0,3
23,206,7,0,1
98,95,9,0,5
33,61,9,0,1
42,300,8,0,6
55,23,9,0,5
31,236,7,0,2
37,65,9,0,0
55,309,8,0,1
7,69,9,0,2
38,4,9,0,0
41,81,9,0,3
33,20,9,0,5
40,95,9,0,6
34,96,9,0,5
19,125,9,0,4
33,305,8,0,5
41,117,9,0,6
43,242,7,0,6
58,306,8,0,4
32,71,9,0,3
16,90,9,0,1
33,9,9,0,5
29,51,9,0,0
39,26,9,0,6
26,117,9,0,1
57,302,8,0,1
59,86,9,0,4
56,309,8,0,4
4,239,6,0,6
57,248,7,0,0
10,50,9,0,0
50,86,9,0,0
42,76,9,0,0
58,213,7,0,2
49,215,7,0,1
56,8,9,0,2
52,126,9,0,0
63,247,6,0,1
43,219,7,0,6
45,52,9,0,1
36,98,9,0,5
62,213,7,0,5
48,35,9,0,2
112,237,7,0,4
54,210,7,0,4
27,242,7,0,6
34,70,9,0,1
33,38,9,0,4
42,232,7,0,3
41,19,9,0,1
43,218,6,0,1
41,44,9,0,6
28,125,9,0,2
64,235,7,0,2
44,116,9,0,5
46,98,9,0,1
68,35,9,0,2
52,2,9,0,2
2,53,9,0,1
2,209,7,0,0
37,129,9,0,2
66,305,8,0,3
11,300,8,0,0
18,113,9,0,2
43,59,9,0,6
4,24,9,0,2
63,215,7,0,3
38,130,9,0,4
35,236,7,0,2
19,39,9,0,5
34,225,6,0,0
46,39,9,0,6
5,115,9,0,0
63,45,9,0,5
37,243,7,0,0
25,100,9,0,1
31,6,9,0,5
30,262,6,0,6
35,241,6,0,0
34,302,8,0,6
39,213,7,0,1
36,201,7,0,5
28,206,6,0,3
48,13,9,0,0
24,119,9,0,4
42,50,9,0,6
19,206,7,0,6
47,123,9,0,1
41,243,6,0,0
38,75,9,0,5
43,248,7,0,5
41,114,9,0,5
47,88,9,0,6
60,220,7,0,4
54,31,9,0,2
38,259,6,0,3
61,202,6,0,0
49,60,9,0,6
53,301,8,0,0
46,12,9,0,2
49,85,9,0,0
33,220,7,0,1
23,223,7,0,4
48,15,9,0,6
43,248,6,0,3
49,78,9,0,2
13,123,9,0,2
40,39,9,0,1
15,95,9,0,1
43,121,9,0,3
19,105,9,0,6
37,128,9,0,3
50,53,9,0,5
52,110,9,0,2
53,216,6,0,5
42,102,9,0,5
74,234,7,0,5
22,308,8,0,4
26,61,9,0,1
38,64,9,1,4
37,308,8,0,3
45,217,7,0,2
25,116,9,0,0
51,126,9,0,6
26,27,9,0,5
48,214,7,0,5
33,10,9,0,3
74,113,9,0,5
56,120,9,0,1
46,209,7,0,3
63,83,9,0,2
60,52,9,0,5
13,221,7,0,2
47,247,7,0,5
56,217,7,0,4
47,112,9,0,0
51,248,7,0,5
48,309,8,0,1
12,240,6,0,4
49,200,6,0,2
38,38,9,0,2
3,208,6,0,1
46,259,6,0,4
50,232,7,0,1
17,234,7,0,2
4,127,9,0,6
36,116,9,0,2
43,306,8,0,0
56,16,9,0,3
69,39,9,0,0
68,32,9,0,4
56,206,7,0,2
22,247,7,0,4
39,226,7,0,5
29,221,7,0,6
39,26,9,0,5
2,57,9,0,2
35,36,9,0,1
28,215,6,0,4
42,27,9,0,1
120,307,8,0,5
8,110,9,0,5
7,119,9,0,0
72,95,9,0,3
50,246,7,0,5
67,43,9,0,0
43,115,9,0,5
53,303,8,0,4
75,215,7,0,2
19,113,9,0,5
62,106,9,0,3
38,46,9,0,1
47,10,9,0,0
3,231,7,0,3
38,130,9,0,6
33,111,9,0,3
30,84,9,0,6
37,216,7,0,0
52,224,6,0,3
40,239,7,0,0
62,233,7,0,4
39,80,9,0,0
59,18,9,0,5
52,220,7,0,1
78,38,9,0,3
2,62,9,0,4
64,108,9,0,6
44,85,9,0,2
38,34,9,0,3
51,202,7,0,1
58,114,9,0,0
39,238,6,0,2
54,99,9,0,1
31,235,6,0,2
49,106,9,0,6
22,250,6,0,2
38,220,7,0,2
49,238,7,0,0
31,61,9,0,3
49,30,9,0,3
35,61,9,0,3
47,255,6,0,6
37,26,9,1,0
9,13,9,0,2
31,8,9,0,3
35,78,9,0,5
49,57,9,0,1
27,215,7,0,1
25,91,9,0,3
21,125,9,0,3
54,208,7,0,3
40,300,8,0,6
18,235,6,0,4
50,218,7,0,3
22,110,9,0,4
49,100,9,0,5
20,226,7,0,1
42,84,9,0,3
59,10,9,0,3
24,52,9,0,2
9,220,7,0,1
46,80,9,0,4
30,67,9,0,3
54,232,7,0,2
38,10,9,0,6
52,223,7,0,2
66,43,9,0,4
33,116,9,0,4
49,236,7,0,4
59,3,9,0,1
19,42,9,0,4
58,301,8,0,4
27,30,9,0,1
55,207,6,0,0
77,100,9,0,2
30,224,7,0,1
34,238,7,0,0
28,103,9,0,1
62,21,9,0,2
52,225,6,0,1
51,215,7,0,2
41,87,9,0,2
14,59,9,0,1
3,125,9,0,0
65,94,9,0,0
55,200,7,0,5
42,38,9,0,1
44,217,7,0,1
106,228,7,0,0
24,247,7,1,3
43,259,6,0,6
24,237,7,0,3
42,231,7,0,5
54,23,9,0,0
46,242,6,0,5
34,304,8,0,1
35,92,9,0,2
75,308,8,0,2
36,90,9,0,4
39,22,9,0,5
39,102,9,0,6
55,47,9,0,2
21,236,6,0,4
48,82,9,1,3
27,232,7,0,6
63,79,9,1,3
42,56,9,0,4
2,1,9,0,0
18,210,7,1,4
38,100,9,0,0
17,42,9,0,3
38,7,9,0,5
36,37,9,0,6
34,71,9,0,1
27,77,9,1,4
85,90,9,0,0
1,213,6,0,2
84,244,6,0,4
43,248,7,0,1
37,60,9,0,6
19,10,9,0,6
1,117,9,0,0
72,115,9,0,6
29,16,9,0,2
61,239,7,0,3
43,305,8,0,6
64,9,9,0,0
22,60,9,0,3
56,81,9,0,3
4,111,9,0,4
42,20,9,0,2
61,36,9,0,0
33,228,7,0,3
37,70,9,0,4
61,203,7,0,1
56,230,7,0,1
48,205,6,0,0
41,302,8,0,5
41,85,9,0,6
27,10,9,0,2
31,229,7,1,4
29,18,9,0,4
40,98,9,0,3
68,24,9,0,2
28,226,6,0,6
61,252,6,0,3
56,305,8,0,0
48,201,7,0,3
59,8,9,0,6
60,98,9,0,6
50,56,9,0,4
77,10,9,0,5
77,50,9,0,5
15,18,9,0,6
74,18,9,0,3
61,246,6,0,3
31,9,9,0,2
51,38,9,0,1
67,216,6,0,3
53,69,9,0,3
46,110,9,0,2
61,304,8,0,1
58,17,9,0,3
65,55,9,0,3
61,251,6,0,2
39,17,9,0,4
68,84,9,0,6
31,209,7,0,3
19,304,8,0,2
43,308,8,0,2
23,130,9,0,5
38,203,6,0,4
37,117,9,0,1
19,124,9,0,3
46,256,6,0,6
72,219,7,0,4
25,22,9,0,6
37,218,6,0,6
56,248,7,0,2
48,224,7,0,4
38,244,7,0,3
43,83,9,0,6
12,3,9,0,3
37,77,9,0,6
43,80,9,0,2
52,236,7,0,0
56,37,9,0,5
2,15,9,0,6
46,219,7,0,4
99,45,9,0,2
35,42,9,0,0
87,216,6,0,3
34,111,9,0,4
33,201,6,0,6
56,213,7,0,4
40,235,6,0,1
46,49,9,0,1
41,21,9,0,4
34,50,9,0,1
3,97,9,0,1
41,4,9,0,3
55,130,9,0,2
39,302,8,0,5
49,101,9,0,6
48,39,9,0,3
40,238,7,0,6
38,223,7,0,6
38,307,8,0,1
19,239,6,0,3
51,12,9,0,5
32,211,6,0,0
29,300,8,0,6
74,8,9,0,2
4,7,9,0,3
68,13,9,0,5
26,246,7,0,2
13,119,9,0,2
42,15,9,0,0
64,40,9,0,5
88,211,7,0,0
46,33,9,0,5
48,307,8,0,0
48,202,7,0,3
58,253,6,0,4
50,208,6,0,0
30,309,8,0,6
20,15,9,0,0
38,248,7,0,6
26,90,9,0,5
50,220,6,0,3
58,203,6,0,3
25,61,9,0,1
27,2,9,0,2
36,219,6,0,6
56,49,9,0,6
47,95,9,0,0
79,117,9,0,2
23,30,9,0,1
47,200,7,0,5
38,247,7,0,3
43,203,7,1,4
60,203,7,0,6
30,66,9,0,5
56,90,9,0,3
43,22,9,0,4
54,73,9,0,1
34,130,9,1,0
20,98,9,0,4
7,41,9,0,2
53,13,9,0,2
51,213,6,0,3
52,238,6,0,0
33,116,9,0,6
28,205,7,0,6
86,96,9,0,2
47,303,8,0,0
48,82,9,0,4
36,220,7,0,5
46,247,7,0,6
41,33,9,0,6
40,207,6,0,6
53,80,9,0,0
32,36,9,0,4
49,112,9,0,6
20,108,9,0,1
4,220,7,0,3
52,260,6,0,3
42,302,8,0,3
26,304,8,0,0
71,71,9,0,3
38,118,9,0,2
50,303,8,0,1
54,63,9,0,3
47,237,7,0,4
18,218,6,0,3
14,305,8,0,2
41,309,8,0,6
59,12,9,0,3
4,40,9,0,3
65,204,7,0,0
3,19,9,0,2
80,90,9,0,6
37,64,9,0,2
45,39,9,0,4
68,15,9,0,3
44,48,9,0,4
24,35,9,0,2
50,38,9,0,3
37,31,9,0,3
38,209,6,0,3
33,58,9,0,5
38,32,9,0,1
23,61,9,0,3
1,116,9,0,4
42,44,9,0,3
22,304,8,0,2
29,52,9,0,3
97,17,9,0,5
56,35,9,0,4
32,2,9,0,4
10,71,9,0,0
30,258,6,0,2
28,220,6,0,5
26,218,7,0,3
42,120,9,0,4
84,212,7,0,3
46,242,6,0,0
58,229,7,0,4
54,212,7,0,2
74,49,9,0,1
35,219,6,0,3
26,213,7,0,6
36,224,7,0,5
70,236,7,0,6
42,231,7,0,3
29,117,9,0,6
15,52,9,0,1
63,233,7,0,5
44,20,9,0,2
52,121,9,0,4
48,74,9,0,1
87,21,9,1,0
53,241,6,0,2
63,53,9,0,6
55,5,9,0,3
56,128,9,0,0
35,204,6,0,0
29,202,7,0,2
56,113,9,0,6
54,200,6,0,5
44,76,9,0,0
92,241,7,0,2
53,62,9,0,2
5,244,6,0,0
57,200,7,0,1
31,96,9,0,6
41,77,9,0,3
50,236,7,0,3
43,231,7,0,3
50,107,9,0,4
49,63,9,0,1
3,118,9,0,6
35,309,8,0,3
29,33,9,0,3
34,223,7,0,4
46,48,9,0,3
51,262,6,0,3
17,22,9,0,1
30,7,9,0,4
47,62,9,0,3
63,236,7,0,6
35,66,9,0,4
25,124,9,0,5
40,216,7,0,2
42,240,7,0,6
31,301,8,0,0
43,208,7,0,3
27,42,9,0,5
36,70,9,0,1
35,33,9,0,6
47,5,9,0,3
27,243,6,0,5
16,207,6,0,3
39,39,9,0,0
3,83,9,0,4
61,63,9,0,0
72,31,9,0,5
43,302,8,0,2
35,28,9,0,6
41,203,7,0,3
63,253,6,0,2
82,80,9,0,6
59,42,9,0,1
49,228,6,0,6
75,220,7,0,5
24,232,7,0,3
35,304,8,0,6
30,307,8,0,1
36,82,9,0,6
43,34,9,0,4
31,245,6,0,4
54,23,9,0,6
69,203,7,0,2
52,22,9,0,1
35,55,9,0,2
38,309,8,0,1
120,14,9,0,1
42,219,6,0,3
21,122,9,0,3
27,29,9,0,4
43,36,9,0,0
66,241,7,0,4
59,54,9,0,5
39,300,8,0,6
21,34,9,0,5
37,71,9,0,3
71,249,7,0,5
63,72,9,0,2
51,304,8,0,4
72,81,9,0,5
31,67,9,0,4
30,309,8,0,2
59,306,8,0,3
51,38,9,0,4
44,205,7,0,5
38,82,9,0,3
23,5,9,0,1
25,228,6,0,1
46,99,9,0,2
30,205,7,1,4
42,305,8,0,0
56,231,7,0,6
37,229,7,0,6
28,66,9,0,2
60,83,9,0,4
42,212,7,0,1
56,234,7,0,6
19,218,6,0,0
57,257,6,0,2
40,230,7,0,3
40,62,9,0,1
58,203,7,0,6
12,5,9,0,5
65,95,9,0,4
64,307,8,0,2
55,237,7,0,5
35,34,9,0,2
30,77,9,0,1
52,203,7,0,2
123,243,7,0,0
56,122,9,0,6
43,65,9,0,5
31,130,9,0,2
24,70,9,0,1
55,249,7,0,3
12,47,9,0,3
20,303,8,0,5
17,13,9,0,6
33,18,9,0,6
4,20,9,0,3
63,86,9,0,5
43,46,9,0,0
53,205,6,0,1
55,55,9,0,2
45,233,7,0,1
42,70,9,0,1
42,29,9,1,4
29,211,7,0,6
41,226,7,0,2
37,213,6,0,2
42,106,9,0,0
48,38,9,0,0
40,72,9,0,2
53,71,9,0,6
25,31,9,0,1
43,216,6,0,6
41,231,7,0,4
23,68,9,0,0
53,255,6,0,0
25,217,6,0,6
37,9,9,0,5
55,93,9,0,4
42,63,9,0,2
42,41,9,0,6
44,108,9,0,1
23,126,9,0,3
30,220,6,0,5
35,235,6,0,0
42,123,9,0,3
34,130,9,0,5
46,251,6,0,5
68,220,6,0,0
55,241,7,1,4
72,40,9,0,6
71,106,9,0,2
29,228,7,0,2
65,218,6,0,1
1,214,7,0,0
51,215,6,0,1
67,99,9,0,5
31,248,7,0,3
34,227,7,0,4
78,64,9,0,5
37,220,7,0,3
54,308,8,0,2
55,104,9,0,5
33,56,9,0,4
22,46,9,0,3
35,248,6,0,3
47,248,6,0,6
35,305,8,0,1
53,57,9,0,6
21,105,9,0,6
21,306,8,0,5
41,300,8,0,3
34,308,8,0,3
44,19,9,0,0
27,97,9,0,2
62,225,6,0,6
39,60,9,0,0
32,246,6,0,6
53,246,7,0,4
41,233,7,0,1
28,33,9,0,6
36,80,9,0,2
25,232,7,0,0
41,307,8,0,1
7,43,9,0,0
43,57,9,0,4
41,226,6,0,5
30,26,9,0,1
17,50,9,0,4
33,44,9,0,4
59,53,9,0,4
39,76,9,1,3
76,58,9,0,2
50,229,6,0,2
17,28,9,0,0
60,117,9,0,2
33,72,9,0,3
6,65,9,0,0
27,13,9,0,0
30,237,6,0,2
28,116,9,1,3
39,106,9,0,3
39,44,9,0,5
28,262,6,0,3
9,115,9,0,0
84,64,9,0,3
80,60,9,0,5
24,219,6,0,5
47,29,9,0,3
60,243,6,0,4
31,32,9,0,5
96,91,9,0,5
34,208,7,0,6
72,240,7,0,2
49,67,9,0,3
38,12,9,0,1
12,105,9,0,0
6,222,7,0,1
29,106,9,0,1
63,242,6,0,5
27,5,9,0,1
33,253,6,0,0
58,14,9,0,2
26,73,9,0,3
37,221,7,0,4
24,99,9,0,2
36,219,7,0,3
39,95,9,0,1
37,207,7,0,2
36,214,7,0,0
32,115,9,0,2
14,108,9,0,1
67,16,9,0,4
31,224,7,0,5
34,88,9,0,2
39,15,9,0,1
42,61,9,0,0
21,1,9,0,2
5,231,7,0,5
24,101,9,0,2
53,67,9,0,2
28,212,7,0,1
32,252,6,0,0
64,65,9,0,1
35,101,9,0,6
30,203,7,1,0
58,224,6,0,5
39,58,9,0,1
52,229,7,0,5
21,234,6,0,1
53,128,9,0,5
54,237,7,0,3
59,38,9,0,4
53,302,8,0,6
24,305,8,0,5
41,211,6,0,6
35,201,6,0,2
33,120,9,0,3
75,77,9,0,5
31,17,9,0,1
44,305,8,0,6
65,17,9,0,2
59,215,7,0,6
10,236,7,0,6
86,205,7,0,2
11,70,9,0,2
51,79,9,0,4
44,222,6,0,1
67,79,9,0,0
35,98,9,0,2
45,40,9,0,0
51,224,7,0,2
58,118,9,0,3
47,9,9,0,2
1,223,6,0,3
38,93,9,0,5
57,248,6,0,5
74,9,9,0,1
47,218,7,0,0
11,221,7,0,1
31,40,9,0,5
30,83,9,0,6
3,228,6,0,1
59,67,9,0,1
56,121,9,0,4
55,94,9,0,0
42,74,9,0,1
38,242,7,0,5
41,218,7,0,0
47,230,7,0,6
13,42,9,0,5
41,127,9,0,0
57,240,6,0,1
146,86,9,0,0
35,76,9,0,0
38,233,7,0,1
62,120,9,0,0
32,78,9,0,0
65,72,9,0,0
58,79,9,0,1
2,2,9,0,1
49,8,9,0,3
69,50,9,0,0
2,22,9,0,4
30,232,6,0,4
50,304,8,0,4
26,211,7,0,5
33,300,8,0,0
73,309,8,0,6
31,54,9,0,2
37,231,7,0,5
57,39,9,0,0
34,214,7,0,5
33,114,9,0,2
1,217,6,0,5
36,46,9,0,4
31,17,9,0,1
42,13,9,0,0
75,255,6,0,4
60,66,9,0,3
44,76,9,0,3
64,129,9,0,0
87,42,9,0,5
29,16,9,0,5
29,84,9,0,5
58,213,6,0,4
23,78,9,0,5
46,301,8,0,5
52,52,9,0,4
49,12,9,0,2
1,307,8,0,4
34,224,6,0,2
21,226,7,0,2
30,111,9,0,0
29,70,9,0,0
11,249,6,0,6
43,102,9,0,6
49,114,9,0,5
72,93,9,0,2
39,228,7,0,1
44,104,9,0,1
38,205,7,0,1
47,115,9,0,4
27,302,8,0,4
112,36,9,0,1
40,242,7,0,3
44,107,9,0,4
45,117,9,0,3
47,82,9,0,5
46,263,6,0,3
85,99,9,0,4
38,21,9,0,1
23,102,9,0,1
108,11,9,0,0
24,306,8,0,3
37,238,7,0,6
52,62,9,0,3
62,238,7,0,0
36,244,6,0,5
64,242,7,0,2
8,119,9,0,6
43,128,9,0,3
30,66,9,0,1
33,64,9,0,5
51,119,9,0,1
16,300,8,0,0
34,247,7,0,4
47,7,9,0,6
33,121,9,0,6
7,119,9,0,4
42,111,9,0,1
78,212,7,0,0
55,223,7,0,3
35,106,9,0,1
48,247,7,0,0
28,201,7,0,2
27,27,9,0,5
40,203,7,0,0
27,22,9,0,1
30,56,9,0,6
64,214,7,0,0
35,72,9,0,6
43,224,7,0,1
30,121,9,0,0
55,227,6,0,3
44,214,7,0,1
1,26,9,0,5
56,226,6,0,6
26,93,9,0,3
70,10,9,0,6
33,209,7,0,3
8,121,9,0,5
63,246,6,0,2
8,104,9,0,3
53,307,8,0,5
18,35,9,0,6
46,46,9,0,3
46,250,6,0,4
16,208,6,0,1
2,55,9,0,1
38,3,9,0,5
8,111,9,0,1
51,57,9,0,0
65,249,7,0,2
41,246,7,0,6
70,4,9,0,3
9,227,7,0,4
10,110,9,0,1
38,235,6,0,3
48,201,6,0,1
91,37,9,0,1
40,228,7,0,2
17,107,9,0,0
42,236,7,0,5
69,83,9,0,0
45,247,7,0,5
21,254,6,0,6
32,65,9,0,1
75,30,9,1,3
33,15,9,0,6
40,89,9,0,1
18,240,6,0,4
24,229,7,0,4
38,130,9,0,4
12,89,9,0,6
38,225,6,0,3
44,12,9,0,3
77,22,9,0,2
27,77,9,0,2
41,22,9,0,5
71,238,6,0,1
28,230,7,0,0
19,215,6,0,1
53,300,8,0,0
29,6,9,0,1
3,306,8,0,4
30,210,7,0,0
1,18,9,0,3
45,34,9,0,6
4,27,9,0,0
66,39,9,0,0
59,86,9,0,6
15,102,9,0,4
47,78,9,0,0
49,125,9,0,5
16,308,8,0,5
44,219,7,0,5
33,1,9,0,1
7,207,7,0,4
48,32,9,0,6
85,231,6,0,2
45,302,8,0,2
35,97,9,0,5
67,69,9,0,5
37,254,6,0,4
43,112,9,0,3
50,307,8,0,5
18,67,9,0,6
46,64,9,0,4
91,115,9,0,0
40,109,9,0,2
52,98,9,0,0
55,259,6,0,4
35,8,9,0,0
38,103,9,0,5
50,209,7,0,3
35,29,9,0,2
68,309,8,0,5
17,303,8,0,2
34,124,9,0,6
20,49,9,0,6
52,14,9,0,4
38,211,6,0,4
45,130,9,0,6
82,28,9,0,3
66,227,6,0,4
37,218,7,0,1
73,252,6,0,5
63,245,7,0,0
29,6,9,1,4
48,91,9,0,1
21,55,9,0,1
42,71,9,0,2
47,216,7,0,4
38,82,9,0,2
19,212,7,0,2
38,304,8,0,4
35,227,6,0,5
46,85,9,0,2
45,244,6,0,5
14,203,7,0,5
22,46,9,0,0
39,14,9,0,5
62,24,9,0,6
40,55,9,0,0
19,46,9,0,0
50,57,9,0,0
103,242,7,0,6
23,232,6,0,0
25,235,6,0,2
34,200,7,0,5
69,34,9,0,0
50,31,9,0,5
2,61,9,0,5
58,239,7,0,2
38,62,9,0,1
51,84,9,0,2
59,206,7,0,5
5,30,9,0,0
52,52,9,0,6
41,208,7,0,5
23,203,7,0,2
43,29,9,0,0
35,219,6,0,0
46,102,9,0,6
126,200,6,0,5
42,3,9,0,4
28,98,9,0,5
11,227,7,0,0
18,228,6,0,5
49,248,7,0,4
37,77,9,0,5
39,122,9,0,3
42,9,9,0,3
52,93,9,0,2
7,254,6,0,1
50,64,9,0,4
33,229,7,0,5
83,14,9,0,3
66,218,7,0,6
69,224,7,0,6
52,38,9,0,4
59,218,6,0,6
33,257,6,0,5
12,302,8,0,0
21,46,9,0,1
25,50,9,0,6
34,210,6,0,5
41,236,6,0,1
33,240,6,0,5
43,228,6,0,0
13,247,7,0,2
63,210,7,0,2
54,226,7,0,2
38,42,9,0,6
55,91,9,0,3
3,74,9,0,6
19,42,9,0,5
57,107,9,0,5
24,83,9,0,6
25,75,9,0,0
36,31,9,0,1
59,227,7,0,6
29,42,9,0,0
52,207,6,0,4
47,211,7,0,5
46,200,6,0,5
25,214,7,0,2
41,226,7,0,5
34,124,9,0,4
14,237,7,0,1
56,230,7,0,5
33,128,9,0,1
14,20,9,0,6
116,63,9,0,6
38,31,9,0,5
41,129,9,0,6
44,246,6,0,2
56,40,9,0,6
35,231,7,0,2
30,58,9,0,1
34,226,7,0,0
51,100,9,0,0
56,237,7,0,5
13,17,9,0,0
47,93,9,0,5
47,86,9,0,0
40,215,7,0,2
55,30,9,0,6
6,222,6,0,4
28,247,7,0,3
13,236,7,0,6
33,126,9,0,0
53,207,7,0,5
48,82,9,0,4
27,57,9,0,0
70,7,9,0,6
26,83,9,0,1
38,94,9,0,3
82,302,8,0,6
48,202,7,0,6
60,39,9,0,3
15,5,9,0,6
47,90,9,0,1
52,15,9,0,4
67,217,7,0,1
36,239,7,0,3
47,217,7,0,4
36,10,9,0,4
39,117,9,0,1
40,51,9,0,2
26,224,6,0,5
29,12,9,0,0
77,260,6,0,4
73,129,9,0,2
62,208,7,0,1
50,24,9,0,0
83,93,9,0,5
34,93,9,0,5
34,246,7,0,0
25,99,9,0,1
46,19,9,0,0
34,217,7,0,1
87,238,7,0,1
44,84,9,1,3
10,129,9,0,1
60,88,9,0,3
41,244,7,0,1
25,13,9,0,1
38,117,9,0,3
40,47,9,0,4
99,203,7,0,4
48,124,9,0,2
35,1,9,0,5
41,249,6,0,2
17,8,9,0,6
32,51,9,0,5
2,54,9,0,3
39,49,9,0,3
24,208,7,0,4
46,25,9,0,0
84,228,7,0,2
42,76,9,0,6
28,35,9,0,5
38,97,9,0,5
85,249,7,0,2
49,32,9,0,2
35,70,9,1,3
34,14,9,0,2
34,226,7,0,0
54,29,9,0,6
28,82,9,0,5
23,103,9,0,2
40,221,7,0,0
58,247,7,0,1
49,120,9,0,5
56,2,9,0,1
21,244,7,0,5
52,128,9,0,2
37,25,9,0,0
41,209,6,0,5
62,69,9,0,0
68,9,9,0,1
30,239,7,0,3
38,247,6,0,2
44,35,9,0,0
5,12,9,0,5
113,62,9,0,6
57,242,6,0,0
40,104,9,0,5
38,249,6,0,0
50,33,9,0,1
61,39,9,0,1
48,99,9,0,5
51,225,7,0,2
40,62,9,0,2
31,45,9,0,1
51,214,7,0,6
62,307,8,0,3
11,92,9,0,3
28,88,9,0,3
64,20,9,0,2
32,127,9,0,5
48,68,9,1,0
39,96,9,0,6
29,50,9,0,2
31,121,9,1,0
85,247,7,0,4
12,205,7,0,4
50,220,6,0,1
39,71,9,0,2
44,301,8,0,4
4,13,9,0,0
58,249,7,0,4
49,219,7,0,0
42,2,9,0,6
41,41,9,0,2
44,117,9,0,6
36,96,9,0,1
49,112,9,0,0
71,38,9,0,4
64,1,9,0,6
54,223,7,0,1
36,242,7,0,3
33,60,9,0,3
65,55,9,0,1
30,52,9,0,5
47,305,8,1,0
35,70,9,0,2
38,107,9,0,5
52,308,8,0,0
46,1,9,0,6
34,110,9,0,0
45,225,6,0,3
46,239,6,0,2
36,204,7,0,6
11,220,7,0,6
57,101,9,0,2
46,236,7,0,2
69,211,6,0,5
67,40,9,0,3
81,26,9,0,2
42,37,9,0,4
49,212,7,0,5
63,309,8,0,2
43,54,9,0,2
45,231,7,0,6
39,15,9,0,4
37,104,9,0,0
62,225,6,0,3
21,213,7,0,0
11,50,9,0,2
44,31,9,0,5
35,301,8,0,1
67,100,9,0,4
27,210,7,0,6
31,19,9,0,0
25,19,9,0,4
49,234,7,0,1
34,245,7,0,2
24,31,9,1,4
48,9,9,0,4
29,39,9,0,6
2,57,9,0,1
38,93,9,0,2
41,106,9,0,5
41,249,7,0,2
54,221,7,0,5
28,235,6,0,6
33,230,7,0,3
16,256,6,0,4
50,18,9,0,2
21,36,9,0,6
29,220,7,0,2
25,307,8,0,1
48,94,9,0,3
37,242,7,0,4
31,237,7,0,3
5,240,6,0,2
56,11,9,0,0
34,60,9,0,0
4,213,7,0,5
31,22,9,0,2
22,66,9,0,5
83,114,9,0,6
50,94,9,0,6
34,233,6,0,0
35,5,9,0,0
15,120,9,0,6
35,5,9,0,6
75,122,9,0,1
10,245,6,0,1
48,48,9,0,4
26,120,9,0,4
11,216,6,0,4
42,39,9,0,6
47,207,6,0,6
10,210,7,0,1
59,304,8,0,4
32,248,7,0,6
53,230,6,0,2
85,242,6,0,6
52,14,9,0,4
37,215,7,0,5
1,302,8,0,4
37,44,9,0,3
49,4,9,0,6
33,236,6,0,2
22,104,9,0,2
65,219,7,0,6
29,125,9,0,0
50,24,9,0,6
53,16,9,0,3
60,53,9,0,6
68,107,9,0,3
46,306,8,0,1
35,212,7,0,0
43,82,9,0,6
4,122,9,0,4
7,204,6,0,4
32,302,8,0,4
33,228,7,0,5
14,7,9,0,3
37,61,9,0,1
35,107,9,0,1
23,130,9,0,5
44,66,9,0,6
31,52,9,0,1
24,214,7,0,4
50,304,8,0,0
39,258,6,0,4
24,113,9,0,5
46,97,9,0,5
53,224,6,0,1
79,48,9,0,1
67,232,6,0,4
50,246,6,0,4
51,113,9,0,6
54,114,9,0,2
42,62,9,0,6
21,127,9,0,5
38,29,9,0,3
75,202,7,0,5
57,36,9,0,0
72,201,6,0,4
47,79,9,0,0
48,51,9,0,6
41,237,7,0,2
43,93,9,0,2
53,38,9,0,2
29,305,8,0,0
42,204,6,0,4
38,32,9,0,1
38,99,9,0,2
35,222,7,0,2
55,88,9,0,4
6,229,7,0,0
49,60,9,0,1
41,15,9,0,3
26,249,7,0,2
44,120,9,0,4
20,18,9,0,3
73,303,8,0,0
3,58,9,0,2
8,108,9,0,0
56,215,7,0,6
44,6,9,0,3
55,56,9,0,5
54,243,7,0,6
38,231,7,0,3
72,238,7,0,4
31,13,9,0,1
41,200,7,0,3
54,111,9,0,3
48,122,9,0,1
46,21,9,0,1
35,225,6,0,4
52,300,8,0,3
66,52,9,0,3
18,84,9,0,0
27,81,9,0,6
30,73,9,0,6
12,114,9,0,0
11,45,9,0,3
47,86,9,0,3
30,124,9,0,0
61,34,9,0,5
27,84,9,0,3
21,224,6,0,2
51,22,9,0,6
36,130,9,0,1
53,120,9,0,4
94,104,9,0,6
2,108,9,0,5
37,28,9,0,4
32,217,7,0,0
26,37,9,0,5
48,223,6,0,2
60,222,7,0,2
45,249,6,0,5
59,214,6,0,3
44,60,9,0,1
46,209,7,0,4
33,30,9,0,5
43,9,9,0,4
38,127,9,0,4
79,41,9,0,5
51,303,8,0,2
67,308,8,0,4
83,308,8,0,6
39,127,9,0,5
26,109,9,0,6
53,234,7,0,2
49,230,7,0,5
20,210,7,0,3
44,214,7,0,2
26,119,9,0,4
44,20,9,0,6
56,125,9,0,4
88,20,9,0,2
58,216,7,0,4
36,304,8,0,4
84,217,7,0,0
45,64,9,0,6
29,202,7,0,4
63,9,9,0,1
43,70,9,0,1
66,13,9,0,6
82,45,9,0,6
45,45,9,0,4
15,95,9,0,4
39,212,6,0,6
52,21,9,0,1
40,225,7,0,1
21,227,6,0,6
52,6,9,0,0
48,226,6,0,4
10,229,7,0,4
37,213,7,0,5
47,82,9,0,5
51,55,9,0,1
65,239,6,0,1
39,259,6,0,6
47,42,9,0,0
29,206,7,0,0
45,127,9,0,4
23,305,8,0,3
17,71,9,0,2
43,98,9,0,3
26,9,9,0,6
31,233,6,0,4
60,244,7,0,2
37,130,9,0,0
76,82,9,0,4
32,210,7,0,4
54,6,9,0,1
20,230,7,0,0
2,217,7,0,2
65,230,6,0,3
27,75,9,0,1
50,119,9,0,0
83,205,7,0,1
42,236,6,0,4
60,243,7,0,4
38,74,9,0,4
10,54,9,0,3
31,25,9,0,4
52,17,9,0,1
60,228,7,0,5
56,129,9,0,6
11,253,6,0,5
33,241,7,0,6
40,39,9,0,5
52,57,9,0,4
49,95,9,0,2
45,221,6,0,6
44,81,9,0,1
48,44,9,0,5
5,207,7,0,5
22,304,8,0,3
41,111,9,0,2
56,71,9,0,5
57,60,9,0,1
55,209,6,0,5
80,39,9,0,6
33,235,7,0,6
1,214,7,0,0
51,233,7,0,1
56,53,9,0,3
62,123,9,0,6
37,31,9,0,5
42,93,9,0,5
36,303,8,0,4
23,99,9,0,5
38,117,9,0,5
101,248,7,0,2
35,244,6,0,0
41,94,9,0,5
91,103,9,0,1
38,1,9,0,4
25,208,6,0,0
54,307,8,0,3
24,43,9,0,5
42,128,9,0,3
34,206,6,0,3
86,91,9,0,5
71,238,7,0,6
2,305,8,0,2
36,65,9,0,4
50,93,9,0,3
77,245,7,0,6
81,238,6,0,6
46,96,9,0,3
29,245,7,0,5
46,16,9,0,1
97,119,9,0,2
23,211,6,0,2
67,25,9,0,1
34,203,6,0,4
56,228,7,0,1
60,238,7,0,4
44,16,9,0,1
65,242,7,0,6
60,60,9,0,2
19,65,9,0,1
27,207,7,0,6
55,214,6,0,5
34,1,9,0,6
17,33,9,0,2
34,27,9,0,4
97,200,7,0,0
28,206,7,0,0
28,218,6,0,0
48,5,9,0,3
34,101,9,0,4
46,305,8,0,5
136,95,9,0,1
25,228,7,0,6
27,114,9,0,6
33,128,9,0,5
77,61,9,0,4
53,308,8,0,5
95,127,9,0,1
38,308,8,0,4
40,71,9,0,0
21,52,9,0,4
58,230,7,0,0
34,89,9,0,5
102,226,7,0,0
42,117,9,0,4
64,248,7,0,1
56,305,8,0,2
26,33,9,0,4
96,61,9,0,4
30,224,7,0,2
2,248,7,0,4
61,49,9,0,2
88,123,9,0,0
39,213,6,0,5
46,203,6,0,0
55,34,9,0,5
56,40,9,0,2
34,4,9,0,0
35,213,6,0,0
15,226,7,0,5
28,91,9,0,2
37,203,6,0,5
43,220,7,0,3
13,129,9,0,2
77,240,7,0,2
10,220,6,0,3
65,19,9,0,0
43,65,9,0,2
123,129,9,0,1
43,64,9,0,2
40,244,7,0,5
31,27,9,0,3
68,223,6,0,3
65,113,9,0,6
50,201,7,0,5
77,237,7,0,1
49,78,9,0,6
39,207,7,0,0
40,74,9,0,1
4,25,9,0,6
64,89,9,0,3
51,93,9,0,1
30,243,6,0,2
46,67,9,0,5
33,236,7,0,2
27,241,7,0,0
12,207,7,0,1
33,227,7,0,1
7,58,9,0,0
67,101,9,0,2
59,93,9,0,3
51,220,7,0,0
46,114,9,0,0
36,18,9,0,4
33,75,9,0,0
64,41,9,0,0
59,10,9,0,5
8,92,9,0,3
33,258,6,0,6
41,225,6,0,5
55,112,9,0,0
37,38,9,0,1
48,215,7,0,6
35,215,7,0,2
57,67,9,0,5
28,62,9,0,3
46,212,6,0,5
82,14,9,0,5
31,246,6,0,1
40,229,7,0,0
30,97,9,0,4
28,37,9,0,2
35,54,9,0,0
43,4,9,0,0
18,217,6,0,2
25,44,9,0,3
25,38,9,0,4
33,240,6,0,6
38,79,9,0,3
32,309,8,0,4
55,215,6,0,5
106,52,9,0,2
46,227,7,0,5
42,96,9,0,6
40,216,6,0,0
28,122,9,0,6
1,60,9,0,0
44,243,6,0,1
40,220,6,0,6
38,216,7,0,5
48,301,8,0,4
39,231,7,0,1
88,64,9,0,0
40,234,7,0,5
37,21,9,0,4
30,242,7,0,3
29,306,8,0,3
46,232,7,0,5
25,214,7,0,6
88,126,9,0,3
59,70,9,0,5
43,252,6,0,6
32,252,6,0,3
39,301,8,0,3
32,239,7,0,6
44,61,9,0,6
55,83,9,0,6
47,69,9,0,3
39,247,6,0,0
11,48,9,0,4
25,203,7,0,6
87,5,9,0,1
61,39,9,0,6
32,115,9,0,4
52,31,9,0,5
83,236,6,1,4
17,215,7,0,1
2,205,7,0,3
97,69,9,0,6
58,101,9,0,4
13,237,7,0,2
35,301,8,0,6
46,1,9,0,1
10,16,9,0,1
52,245,6,0,1
50,113,9,0,5
46,5,9,0,1
27,202,6,0,4
34,33,9,0,2
59,206,6,0,4
70,50,9,0,6
65,305,8,0,0
22,14,9,0,3
35,84,9,0,2
88,89,9,0,5
43,242,6,0,6
55,231,6,0,4
61,17,9,0,1
40,233,6,0,1
8,226,7,0,4
51,208,7,0,3
37,28,9,0,6
4,80,9,0,0
40,36,9,0,0
37,249,6,0,0
22,35,9,0,5
46,34,9,0,5
72,253,6,0,0
57,62,9,0,2
52,30,9,0,4
51,73,9,0,6
38,254,6,0,3
45,306,8,0,2
34,66,9,0,1
56,130,9,0,2
57,113,9,0,6
57,50,9,0,4
82,302,8,0,4
30,18,9,0,5
32,33,9,0,1
88,40,9,0,0
44,42,9,0,1
42,70,9,0,2
37,207,7,0,6
64,231,6,0,2
41,37,9,0,6
69,240,7,0,0
52,120,9,0,6
19,253,6,0,4
23,106,9,0,6
57,64,9,0,5
51,107,9,0,4
60,220,6,0,2
39,246,6,0,6
46,205,7,0,2
21,56,9,0,3
21,32,9,0,3
41,92,9,0,5
12,217,7,0,0
33,106,9,0,5
27,98,9,0,6
29,223,7,0,3
34,208,6,0,5
12,83,9,0,3
55,47,9,0,3
50,123,9,0,3
88,300,8,0,3
33,22,9,0,1
18,235,6,0,1
22,5,9,0,4
59,222,7,0,6
12,41,9,0,0
44,203,7,0,6
36,308,8,0,3
36,211,6,0,6
65,41,9,0,5
19,107,9,0,6
47,113,9,0,4
41,81,9,0,2
59,29,9,0,2
26,249,6,0,4
17,12,9,0,5
35,14,9,0,4
43,262,6,0,2
37,239,7,0,1
24,120,9,0,4
30,47,9,0,6
59,4,9,0,4
17,26,9,0,3
60,308,8,0,6
60,261,6,0,4
33,247,7,0,6
44,25,9,0,6
41,129,9,0,2
45,53,9,0,6
25,236,6,0,2
10,43,9,0,2
62,216,6,0,5
36,238,7,0,2
49,46,9,0,3
32,67,9,0,3
42,1,9,0,4
45,129,9,0,4
10,35,9,0,6
54,218,7,0,3
24,249,7,0,6
25,215,7,0,0
37,263,6,0,3
15,243,7,0,4
41,92,9,0,0
10,2,9,0,6
26,218,6,0,4
35,215,7,0,0
44,305,8,0,3
7,239,7,0,1
58,18,9,0,0
57,102,9,0,0
44,28,9,0,2
6,241,6,0,4
72,242,7,0,5
52,22,9,0,0
35,260,6,0,6
60,224,7,0,5
53,237,6,0,5
59,217,7,0,5
27,46,9,0,0
57,235,7,0,0
68,205,7,0,1
90,225,6,0,1
28,103,9,0,3
42,26,9,0,1
24,235,7,0,4
34,248,7,0,4
38,208,7,0,5
23,25,9,0,2
48,61,9,0,2
33,218,7,0,5
40,47,9,0,2
42,100,9,0,2
99,2,9,0,3
44,8,9,0,2
46,50,9,0,2
28,107,9,0,4
24,31,9,0,3
53,18,9,0,1
7,226,6,0,2
33,67,9,0,1
77,74,9,0,5
52,85,9,0,3
38,248,7,0,3
47,119,9,0,4
40,64,9,0,0
36,201,6,0,3
57,64,9,0,3
17,303,8,0,2
25,51,9,0,0
48,205,7,0,5
57,110,9,0,3
68,34,9,0,1
49,201,7,0,3
54,211,7,0,2
24,93,9,0,2
33,306,8,0,5
37,241,7,0,0
10,239,7,0,0
64,254,6,1,0
63,33,9,0,2
52,83,9,1,4
31,118,9,0,5
12,200,6,0,0
53,215,7,0,6
43,64,9,0,0
23,219,6,0,3
32,65,9,0,4
57,8,9,0,3
11,92,9,0,1
64,120,9,0,2
36,226,7,0,2
52,218,7,0,4
54,219,6,0,6
48,223,7,0,1
12,69,9,0,1
16,222,7,0,2
15,68,9,0,6
134,306,8,0,2
40,87,9,0,0
4,72,9,0,1
51,231,7,0,3
29,103,9,0,3
73,9,9,0,1
52,32,9,0,1
41,233,7,0,6
31,119,9,0,6
42,303,8,0,1
29,238,7,0,2
16,232,6,0,2
58,26,9,0,4
15,19,9,0,4
58,5,9,0,3
48,210,7,0,3
53,92,9,0,6
53,3,9,0,1
68,35,9,0,2
47,247,6,0,0
41,91,9,0,0
35,9,9,0,2
60,232,7,0,1
34,249,6,0,5
34,253,6,0,2
54,119,9,0,1
51,201,7,0,4
5,228,7,0,4
49,308,8,0,3
11,109,9,0,0
58,31,9,0,4
40,107,9,0,4
51,117,9,0,4
47,14,9,0,0
49,238,7,0,0
34,50,9,0,1
43,205,7,0,1
62,235,7,0,4
55,204,7,0,6
59,237,6,0,0
28,27,9,0,4
38,300,8,0,0
17,64,9,0,5
9,44,9,0,0
28,22,9,0,4
17,57,9,0,2
35,84,9,0,2
48,27,9,0,4
42,127,9,1,3
75,64,9,0,2
36,46,9,0,1
33,111,9,0,3
61,230,6,0,0
44,64,9,0,4
43,12,9,0,3
15,219,7,0,5
70,121,9,0,5
29,70,9,0,5
12,306,8,0,6
53,218,6,0,0
47,76,9,0,2
29,41,9,0,0
32,214,7,0,1
55,232,6,0,0
72,117,9,0,0
53,126,9,0,2
43,61,9,0,2
21,62,9,0,5
40,33,9,0,2
28,116,9,0,4
67,220,6,0,6
32,212,7,0,3
43,103,9,0,5
55,126,9,0,3
49,96,9,0,4
42,97,9,0,6
18,90,9,0,0
8,62,9,0,3
122,220,7,0,3
26,66,9,0,5
37,129,9,0,6
79,233,7,0,3
54,221,7,0,1
34,211,7,0,6
41,60,9,1,0
21,309,8,0,1
8,106,9,0,6
54,91,9,0,1
46,124,9,0,3
58,29,9,0,6
15,43,9,0,1
29,220,6,0,2
43,246,6,0,3
41,210,7,0,1
36,76,9,0,6
37,208,7,0,6
58,1,9,0,2
65,42,9,0,4
30,95,9,0,3
119,32,9,0,5
31,240,7,0,2
65,50,9,0,3
62,206,7,0,2
28,70,9,0,6
48,16,9,0,4
62,223,7,0,1
54,33,9,0,2
52,119,9,0,5
52,226,7,0,4
53,11,9,0,6
1,11,9,0,1
32,218,7,0,5
85,48,9,0,3
38,243,7,0,1
31,214,7,0,1
47,11,9,0,2
62,77,9,0,1
3,62,9,0,0
2,34,9,0,4
39,201,7,0,0
79,125,9,0,4
38,12,9,0,4
67,231,7,0,6
75,232,7,0,3
63,234,7,0,0
73,215,7,0,4
26,89,9,0,1
89,229,7,0,1
34,249,7,0,3
13,234,7,0,5
45,63,9,0,1
48,243,7,0,1
56,256,6,0,2
43,109,9,0,0
38,18,9,0,1
56,116,9,0,6
44,109,9,0,2
45,225,6,1,4
29,78,9,0,4
43,226,6,0,5
32,33,9,0,4
35,208,7,0,3
16,21,9,0,4
80,107,9,0,3
6,105,9,0,0
39,233,7,0,5
21,108,9,0,1
69,30,9,0,0
41,55,9,0,0
44,120,9,0,5
105,218,6,0,4
10,225,7,0,3
2,128,9,0,2
34,4,9,0,5
75,77,9,0,3
63,47,9,0,4
16,21,9,0,4
64,125,9,0,3
64,51,9,0,3
35,94,9,0,3
34,227,7,0,1
49,242,7,0,4
60,73,9,0,1
40,24,9,0,6
36,243,7,0,5
29,62,9,0,3
25,205,7,0,2
36,228,6,0,3
22,62,9,0,6
43,17,9,0,0
47,105,9,0,1
51,2,9,0,5
45,119,9,0,2
53,70,9,0,2
60,234,7,0,5
37,218,7,0,2
46,226,7,0,2
3,9,9,0,0
58,11,9,0,2
24,53,9,0,1
29,123,9,0,0
38,257,6,0,4
46,103,9,0,1
62,46,9,0,2
34,255,6,0,5
13,70,9,0,2
46,235,6,0,0
62,309,8,0,3
19,249,6,0,1
40,306,8,0,1
28,101,9,0,1
12,26,9,0,6
56,262,6,0,4
37,24,9,0,2
21,214,6,0,4
61,51,9,0,3
69,18,9,0,1
69,221,7,0,3
56,246,6,0,0
86,28,9,0,5
40,239,7,0,5
30,83,9,0,3
26,75,9,0,3
38,2,9,0,0
40,259,6,0,1
44,62,9,0,3
2,1,9,0,5
105,21,9,0,5
39,31,9,0,5
77,43,9,0,6
68,112,9,0,4
136,203,7,0,1
29,103,9,0,0
38,52,9,0,0
25,3,9,0,6
57,305,8,0,3
42,7,9,0,6
67,218,7,0,6
23,3,9,0,5
49,306,8,0,1
40,37,9,0,5
12,244,7,0,4
17,2,9,0,2
37,6,9,0,5
75,9,9,0,4
19,214,7,0,1
52,47,9,0,2
38,89,9,0,0
28,242,6,0,6
112,88,9,0,6
26,14,9,0,2
49,109,9,0,6
28,93,9,0,1
64,207,6,0,6
51,301,8,0,6
42,120,9,0,4
8,241,7,0,0
39,17,9,0,5
64,304,8,0,5
31,23,9,0,6
46,13,9,0,0
65,238,7,0,5
13,224,7,0,6
42,217,7,0,5
121,110,9,0,2
47,9,9,0,5
58,12,9,0,4
54,24,9,0,0
46,67,9,0,4
50,65,9,0,6
65,74,9,0,0
1,28,9,0,0
3,112,9,0,5
36,215,7,0,1
60,222,6,0,0
38,57,9,0,1
21,87,9,0,6
36,257,6,0,4
44,204,7,0,6
45,243,6,0,1
23,66,9,0,1
83,221,7,0,3
25,36,9,0,1
42,117,9,0,2
50,250,6,0,3
33,200,7,0,5
83,203,7,0,6
32,30,9,0,3
37,243,7,0,0
42,226,6,0,3
29,215,7,0,6
35,238,6,0,2
40,217,6,0,1
29,106,9,0,3
27,103,9,0,4
66,254,6,0,5
27,64,9,0,2
20,213,7,0,5
43,125,9,0,2
23,8,9,0,1
45,20,9,0,5
45,87,9,0,2
47,24,9,0,6
39,216,7,0,1
38,205,7,0,4
67,130,9,0,2
27,112,9,0,6
59,112,9,0,5
18,122,9,0,5
35,254,6,0,4
34,216,6,0,5
21,31,9,0,2
48,208,7,0,4
36,51,9,0,3
66,75,9,0,2
31,31,9,0,4
25,20,9,0,5
72,227,7,0,3
12,305,8,0,1
46,68,9,0,3
37,91,9,0,3
75,67,9,0,3
36,55,9,0,5
63,239,7,0,3
29,307,8,0,3
46,220,7,0,4
34,245,7,0,5
43,67,9,0,1
25,200,7,0,5
78,24,9,0,5
57,123,9,0,3
36,96,9,0,1
7,113,9,0,2
8,105,9,0,3
40,228,6,0,4
50,215,7,0,3
54,60,9,0,5
58,93,9,0,0
44,12,9,0,5
25,18,9,0,2
27,207,6,0,4
45,90,9,0,1
58,214,7,0,5
29,68,9,0,1
15,47,9,0,5
25,203,6,0,5
49,121,9,0,3
2,20,9,0,0
36,64,9,0,3
51,237,7,0,2
74,216,7,0,5
35,29,9,0,4
13,232,7,0,0
42,203,7,0,2
36,232,7,0,0
24,30,9,0,6
41,256,6,0,2
55,55,9,0,4
10,115,9,0,6
33,37,9,0,5
68,224,7,0,6
38,242,7,0,0
57,129,9,0,4
68,237,6,0,1
35,64,9,0,6
72,204,7,0,5
36,9,9,0,6
29,56,9,0,2
67,44,9,0,5
54,206,7,0,3
21,210,7,0,0
47,2,9,0,6
51,220,7,0,5
17,47,9,0,3
89,3,9,0,0
57,122,9,0,2
48,244,7,0,2
25,12,9,0,0
26,125,9,0,5
35,40,9,0,5
60,260,6,0,6
37,127,9,0,0
16,128,9,0,1
48,201,6,0,0
44,214,7,0,4
30,214,7,0,6
84,300,8,0,1
43,125,9,0,0
48,304,8,0,4
39,24,9,0,0
54,85,9,0,1
56,207,6,0,6
12,200,7,0,5
64,5,9,0,5
46,227,7,0,2
50,111,9,0,2
58,61,9,0,3
84,119,9,0,5
43,202,6,0,3
28,60,9,0,6
54,68,9,0,1
53,44,9,0,0
35,229,6,0,5
37,47,9,0,5
57,58,9,0,5
88,86,9,0,4
20,87,9,0,5
52,20,9,0,6
43,89,9,0,0
30,127,9,0,2
41,78,9,0,1
99,234,7,0,2
40,220,7,0,4
55,203,7,0,3
43,12,9,0,4
10,53,9,0,6
29,18,9,0,4
17,1,9,0,4
13,52,9,0,1
69,22,9,1,4
51,225,7,0,5
30,220,7,0,6
43,208,7,0,6
45,86,9,0,1
38,87,9,0,3
46,229,6,0,3
34,86,9,0,1
33,220,6,0,4
31,227,6,0,0
33,79,9,0,4
37,307,8,0,6
62,129,9,0,0
62,9,9,0,0
78,232,7,0,4
58,69,9,0,2
26,223,7,0,1
35,249,7,1,4
16,61,9,0,0
41,208,6,0,5
56,234,7,0,3
43,121,9,0,0
71,212,7,0,3
69,14,9,0,6
28,110,9,0,2
40,305,8,1,3
19,206,7,0,0
11,218,7,0,4
38,12,9,0,4
44,113,9,0,4
4,230,7,0,4
26,241,7,0,4
35,114,9,0,1
37,37,9,0,1
49,71,9,0,2
44,244,6,0,3
55,39,9,0,5
50,106,9,0,0
41,201,7,0,3
36,217,7,0,0
17,244,7,0,2
39,64,9,0,1
54,249,6,0,5
53,229,6,0,4
52,221,7,0,4
60,83,9,0,2
49,15,9,0,2
45,213,7,0,5
63,102,9,0,2
53,30,9,0,1
48,226,7,0,2
65,51,9,0,3
29,218,6,0,6
64,17,9,0,4
47,97,9,0,1
52,244,7,0,4
47,211,6,0,6
66,226,6,0,2
44,6,9,0,0
24,40,9,0,1
44,210,7,0,5
146,18,9,0,0
30,113,9,0,5
50,240,6,0,3
81,86,9,0,5
34,92,9,0,5
44,81,9,0,1
43,60,9,0,0
41,60,9,0,6
49,228,7,0,5
68,92,9,0,3
40,2,9,0,0
64,232,6,0,0
26,217,7,0,5
81,66,9,0,0
31,308,8,0,5
54,210,7,0,5
66,221,6,0,3
9,41,9,0,4
20,231,7,0,6
35,108,9,0,4
31,128,9,0,0
44,52,9,0,3
69,130,9,0,3
1,231,6,0,4
51,105,9,0,0
47,229,7,0,3
51,220,6,0,3
23,110,9,0,6
34,67,9,0,4
52,87,9,0,1
52,304,8,0,6
44,216,7,0,6
37,50,9,0,5
25,205,6,0,1
33,235,7,0,4
67,63,9,0,2
73,307,8,0,0
135,112,9,0,3
68,102,9,0,2
45,26,9,0,0
55,61,9,0,4
43,100,9,0,0
37,260,6,0,6
28,114,9,0,2
31,242,6,0,2
29,34,9,0,3
39,109,9,0,6
25,216,7,0,4
30,249,6,0,2
66,97,9,0,1
68,113,9,0,5
45,110,9,0,5
38,257,6,0,2
30,242,6,0,1
41,37,9,0,0
51,91,9,0,1
80,116,9,0,1
10,235,7,0,6
55,210,7,0,2
42,209,7,0,4
53,204,7,0,2
54,35,9,0,1
23,29,9,0,3
46,245,6,0,0
8,79,9,0,5
42,72,9,0,1
48,112,9,0,6
30,244,7,0,6
28,114,9,0,6
46,96,9,0,3
70,228,6,0,2
12,13,9,0,1
39,219,7,1,0
35,305,8,0,2
86,128,9,0,5
66,307,8,0,2
31,38,9,0,6
39,42,9,0,5
70,109,9,1,4
66,13,9,0,1
51,234,6,0,3
33,216,7,0,1
20,28,9,0,2
51,46,9,0,1
61,259,6,0,3
12,235,6,0,2
15,256,6,0,4
13,203,7,0,0
4,21,9,0,2
40,27,9,0,5
77,27,9,0,1
62,16,9,0,4
50,226,6,0,5
32,220,7,0,4
94,4,9,0,4
37,202,6,0,3
27,86,9,0,1
32,16,9,0,2
46,115,9,0,6
10,28,9,0,2
7,7,9,0,0
47,14,9,0,5
68,8,9,0,5
55,306,8,0,0
35,307,8,0,3
32,225,7,0,0
31,128,9,0,5
40,41,9,0,1
31,224,7,0,6
27,240,6,0,4
35,58,9,0,2
53,246,6,0,6
35,130,9,0,5
78,119,9,0,2
60,130,9,0,1
46,44,9,0,6
55,255,6,0,2
33,226,7,0,4
40,104,9,0,6
48,13,9,0,4
20,39,9,0,3
38,221,6,0,0
16,49,9,0,1
48,217,7,0,5
39,104,9,0,0
20,73,9,1,3
85,84,9,0,1
43,206,7,0,3
53,252,6,0,6
49,210,6,0,2
43,22,9,0,6
21,217,7,0,2
45,234,7,0,2
62,32,9,0,3
17,309,8,0,5
71,39,9,0,6
35,73,9,0,1
47,116,9,0,2
39,300,8,0,5
67,255,6,0,1
51,204,6,0,6
29,98,9,0,3
49,10,9,0,4
9,228,6,0,3
3,217,6,0,4
65,11,9,0,0
44,205,6,0,6
45,52,9,0,4
43,9,9,0,2
44,252,6,0,4
10,237,7,0,6
46,46,9,0,5
35,118,9,0,6
36,107,9,0,3
15,64,9,0,5
42,229,7,0,4
46,114,9,0,3
29,59,9,0,4
59,229,6,0,1
30,24,9,0,4
35,44,9,0,0
18,130,9,0,3
66,251,6,0,1
31,97,9,0,4
73,61,9,0,6
44,98,9,0,2
22,309,8,0,0
50,307,8,0,0
57,235,6,0,2
41,102,9,0,2
35,32,9,0,5
59,61,9,0,4
47,257,6,0,0
30,227,7,0,0
77,211,6,0,3
50,64,9,0,5
61,12,9,0,1
37,222,7,0,0
39,130,9,0,2
4,29,9,0,2
24,7,9,0,5
29,123,9,0,2
36,239,7,0,2
42,70,9,0,0
46,91,9,0,1
23,85,9,0,5
32,253,6,0,0
35,249,7,0,2
4,212,7,0,2
32,106,9,0,3
45,101,9,0,2
62,242,7,0,0
69,228,6,0,2
1,251,6,0,1
7,1,9,0,2
38,35,9,0,1
72,126,9,0,1
66,224,7,0,4
4,66,9,0,1
5,84,9,0,0
49,225,7,0,0
37,56,9,0,5
42,303,8,0,0
44,20,9,0,6
25,57,9,0,4
38,54,9,0,2
115,128,9,0,0
74,59,9,0,6
53,83,9,0,4
28,236,6,1,0
1,248,7,0,2
35,23,9,0,5
36,125,9,0,6
50,304,8,0,5
52,233,7,0,5
43,213,7,0,5
3,25,9,0,0
48,206,7,0,2
33,80,9,0,6
24,60,9,0,2
51,81,9,0,3
25,238,7,0,3
71,253,6,0,2
3,245,7,0,3
31,108,9,0,0
56,23,9,0,4
46,13,9,0,2
51,216,6,0,2
56,207,6,0,2
25,308,8,0,1
86,92,9,0,4
49,300,8,0,2
73,39,9,0,2
2,49,9,0,2
71,38,9,0,0
58,58,9,0,6
34,234,6,0,3
47,44,9,0,0
58,238,7,0,4
50,129,9,0,6
47,57,9,0,0
54,130,9,0,6
30,87,9,0,2
14,217,6,0,5
5,301,8,0,4
76,70,9,0,5
52,205,7,0,4
44,210,7,0,0
43,51,9,0,1
65,9,9,0,1
57,304,8,0,3
7,90,9,0,4
30,71,9,0,1
41,98,9,0,3
55,204,6,0,4
18,107,9,0,3
43,23,9,0,0
64,212,7,0,3
48,36,9,0,6
75,253,6,0,1
28,207,6,0,5
34,255,6,0,0
50,48,9,0,0
48,30,9,0,4
36,119,9,1,3
57,46,9,0,6
57,37,9,0,6
52,225,7,0,6
92,17,9,0,2
42,126,9,0,4
29,116,9,0,1
1,14,9,0,6
30,114,9,0,0
13,10,9,0,5
51,58,9,0,4
90,220,7,0,2
37,1,9,0,1
51,219,7,0,0
43,61,9,0,3
42,226,7,0,1
13,122,9,0,2
25,46,9,0,3
34,86,9,0,6
46,210,7,0,5
44,9,9,0,6
41,93,9,0,6
51,80,9,0,4
98,72,9,0,6
46,76,9,0,2
8,48,9,0,4
95,114,9,0,5
22,126,9,0,1
39,99,9,0,3
31,46,9,0,6
183,42,9,0,0
47,64,9,0,4
56,242,6,0,2
48,309,8,0,2
35,206,7,0,4
34,218,6,0,0
45,112,9,0,0
67,15,9,0,1
50,126,9,0,0
16,113,9,0,3
19,300,8,0,2
38,64,9,0,3
18,40,9,0,5
86,220,7,0,5
38,122,9,0,0
3,309,8,0,1
81,203,7,0,3
45,123,9,0,0
42,235,6,0,1
70,119,9,0,0
45,121,9,0,2
37,222,6,0,0
48,82,9,0,4
49,93,9,0,0
49,301,8,0,5
36,201,6,0,1
74,208,7,0,1
47,232,7,0,2
26,84,9,0,2
71,216,7,0,3
110,306,8,0,5
44,42,9,0,2
27,241,7,0,1
41,301,8,1,0
70,85,9,0,2
17,18,9,1,3
25,88,9,0,2
79,54,9,0,4
66,92,9,0,0
54,207,7,0,6
14,56,9,0,4
20,106,9,0,5
80,213,6,0,1
48,109,9,0,6
47,235,6,0,5
73,236,7,0,4
57,65,9,0,3
9,83,9,0,1
63,6,9,0,4
65,246,6,0,3
25,302,8,0,0
37,216,6,0,4
55,249,6,0,6
63,203,7,0,2
46,85,9,0,1
55,32,9,0,3
57,303,8,0,2
62,220,6,0,6
79,223,7,0,6
40,301,8,0,0
19,77,9,0,1
25,71,9,0,2
23,201,6,1,4
45,38,9,0,6
55,237,7,0,6
44,9,9,0,3
36,82,9,0,0
38,94,9,0,1
46,230,6,0,0
51,217,7,0,1
27,22,9,0,6
117,123,9,0,4
37,218,6,0,5
45,83,9,0,1
46,69,9,0,1
42,306,8,0,1
37,102,9,0,5
45,49,9,0,5
7,220,7,0,0
60,76,9,0,5
50,230,7,0,4
37,57,9,0,4
34,238,6,0,5
19,47,9,1,0
8,305,8,0,2
65,74,9,0,5
54,200,6,0,3
42,47,9,0,1
98,43,9,0,1
66,23,9,0,1
48,249,6,0,4
48,71,9,0,6
28,213,7,0,3
59,219,7,0,4
51,214,7,0,1
33,129,9,0,1
55,224,7,0,3
53,73,9,0,0
122,257,6,0,2
33,247,7,0,2
43,201,7,0,0
71,94,9,0,4
58,85,9,0,6
27,217,7,0,6
41,240,7,0,6
39,205,7,0,1
59,259,6,0,1
65,243,6,0,5
10,17,9,0,5
40,234,6,0,6
22,18,9,0,3
26,77,9,0,1
35,23,9,1,4
26,249,6,0,5
45,306,8,0,4
32,211,7,0,6
6,217,6,0,0
27,44,9,0,6
30,233,7,0,4
54,63,9,0,0
1,74,9,0,2
61,126,9,0,5
41,232,7,0,4
47,245,6,0,2
34,71,9,0,0
34,215,7,0,1
37,258,6,0,3
43,27,9,0,1
27,7,9,0,1
26,208,6,0,2
45,212,7,0,5
33,80,9,0,2
39,232,7,0,3
51,231,6,0,3
57,222,6,0,4
65,38,9,0,5
35,125,9,1,0
68,225,6,0,2
41,96,9,0,6
18,95,9,0,0
37,230,7,0,3
89,242,7,0,6
8,26,9,0,4
50,257,6,0,4
36,222,7,0,2
135,118,9,0,6
67,10,9,0,6
23,116,9,0,3
5,94,9,0,4
61,114,9,0,6
67,59,9,0,4
42,258,6,0,3
55,88,9,0,3
76,81,9,0,2
30,261,6,0,2
47,3,9,0,0
14,122,9,0,1
58,11,9,0,4
54,15,9,1,0
60,222,6,0,3
45,124,9,0,3
21,212,6,0,0
41,206,7,0,6
42,46,9,0,3
44,219,7,0,5
36,76,9,0,0
50,304,8,0,1
28,10,9,0,4
47,221,6,0,0
51,1,9,0,1
55,212,7,0,1
3,204,7,0,2
28,244,7,0,2
57,100,9,0,5
57,23,9,0,2
27,97,9,0,0
50,91,9,0,1
11,237,6,0,3
56,201,7,0,6
43,113,9,0,3
7,211,7,0,3
47,30,9,0,6
32,237,7,0,1
46,239,6,0,6
97,75,9,0,6
30,66,9,0,5
53,56,9,0,3
47,300,8,0,4
36,301,8,0,2
51,226,6,0,6
39,204,7,0,2
25,9,9,0,0
25,200,7,0,2
53,123,9,0,3
73,107,9,0,0
36,228,7,0,3
30,90,9,0,4
53,62,9,0,1
2,84,9,0,0
39,252,6,0,6
69,243,7,0,3
27,250,6,0,5
44,100,9,0,4
45,226,7,0,0
30,202,6,0,2
15,248,7,0,5
100,47,9,0,0
51,262,6,0,4
66,122,9,0,3
41,80,9,0,3
47,63,9,0,0
39,113,9,0,5
57,66,9,0,1
30,99,9,0,3
41,228,6,0,1
56,228,6,0,4
41,19,9,0,5
45,70,9,0,0
53,88,9,0,5
26,228,6,0,5
54,248,7,0,2
45,3,9,0,5
35,242,7,0,1
66,87,9,0,0
33,205,7,0,5
6,77,9,0,0
49,219,7,0,6
63,215,7,0,0
7,214,7,0,2
34,28,9,0,4
98,109,9,0,2
45,37,9,0,6
87,25,9,0,0
53,1,9,0,4
14,119,9,0,4
58,239,7,0,6
52,225,7,0,5
4,14,9,0,2
46,86,9,0,6
69,57,9,0,6
52,217,7,0,5
44,73,9,0,3
40,215,7,1,4
80,93,9,1,4
101,45,9,0,4
50,90,9,0,0
46,34,9,0,0
29,222,6,0,5
61,129,9,0,4
29,243,7,0,1
25,210,7,0,2
57,212,7,0,3
16,71,9,0,5
19,36,9,0,6
38,231,7,0,0
21,43,9,0,3
59,5,9,0,6
18,39,9,0,5
31,82,9,0,1
24,97,9,0,1
55,82,9,0,6
37,245,7,0,1
57,32,9,0,6
11,212,7,0,5
25,32,9,0,3
50,219,6,0,0
61,107,9,0,1
24,25,9,0,1
35,210,7,0,0
45,203,7,0,5
25,21,9,0,3
48,122,9,0,5
9,92,9,0,0
29,238,6,0,5
39,23,9,0,6
40,1,9,0,2
60,201,7,0,2
59,213,6,0,2
31,212,6,0,2
81,102,9,0,2
27,38,9,0,4
92,203,7,0,4
32,28,9,0,3
80,33,9,0,2
32,66,9,0,1
2,109,9,0,6
69,86,9,0,4
31,200,7,0,4
94,84,9,0,4
29,220,6,0,2
51,230,6,0,6
108,1,9,0,0
40,20,9,0,3
132,305,8,0,6
47,246,6,0,2
32,262,6,0,5
22,36,9,0,2
25,116,9,0,5
65,243,6,0,6
59,110,9,0,1
20,48,9,0,5
40,242,7,0,3
50,239,7,0,1
35,216,7,0,2
44,217,7,0,5
40,103,9,0,3
68,241,7,0,6
26,72,9,0,1
54,308,8,0,0
17,33,9,0,6
26,3,9,0,1
42,4,9,0,5
73,258,6,0,6
29,64,9,0,2
36,101,9,0,6
52,223,7,0,5
29,94,9,0,3
33,124,9,0,1
41,247,7,0,6
32,241,7,0,4
38,23,9,0,2
47,23,9,0,6
51,242,7,0,4
63,214,7,0,3
39,224,7,0,3
24,99,9,0,0
48,117,9,0,3
38,221,7,0,1
52,245,6,0,3
51,200,7,0,5
59,99,9,0,5
73,214,7,0,3
32,42,9,0,3
42,245,7,0,3
45,8,9,0,6
43,54,9,0,6
38,249,7,0,6
64,43,9,0,4
10,243,7,0,3
78,59,9,0,5
56,302,8,0,3
59,304,8,0,5
42,239,6,0,5
26,213,7,0,1
31,308,8,1,0
38,229,7,0,4
45,205,7,0,2
4,206,7,0,2
57,233,7,0,1
46,3,9,0,3
15,201,7,0,3
64,124,9,0,0
111,75,9,0,2
31,115,9,0,1
54,235,7,0,1
26,208,7,0,0
80,20,9,0,5
54,250,6,0,0
10,224,7,0,5
1,44,9,0,3
42,106,9,0,0
21,98,9,0,1
39,232,7,0,3
57,54,9,0,4
36,78,9,0,0
58,226,6,0,5
26,16,9,0,6
51,10,9,0,2
33,218,6,0,0
10,233,6,0,5
30,51,9,0,6
63,218,7,0,4
54,88,9,0,3
62,217,7,0,3
42,78,9,0,2
42,27,9,1,3
47,238,7,0,4
32,201,7,0,4
40,121,9,0,6
91,96,9,0,1
85,216,7,0,0
28,305,8,0,5
58,52,9,0,1
67,69,9,0,0
40,110,9,0,1
30,1,9,0,4
32,3,9,0,4
37,230,7,0,6
57,50,9,0,2
67,247,6,0,5
74,214,7,0,4
40,24,9,0,1
52,218,7,0,5
77,221,6,0,2
15,26,9,0,4
56,96,9,0,2
54,224,6,0,1
54,217,7,0,6
56,109,9,0,2
30,308,8,0,3
50,99,9,0,1
75,49,9,0,3
27,96,9,0,1
89,218,7,0,2
46,247,7,0,3
31,119,9,0,1
31,58,9,0,3
73,119,9,0,6
32,209,7,0,2
49,122,9,0,0
45,16,9,0,3
7,55,9,0,0
59,101,9,0,0
36,50,9,0,3
43,258,6,0,1
50,205,7,0,1
48,246,6,0,2
15,226,6,0,0
46,98,9,0,6
27,75,9,0,6
24,46,9,0,0
45,227,6,0,2
33,202,7,0,3
45,60,9,0,6
68,126,9,0,5
42,34,9,0,6
34,93,9,0,1
39,239,6,0,6
40,229,7,0,3
36,62,9,0,2
49,237,7,0,3
50,47,9,0,2
40,82,9,0,0
32,72,9,0,2
48,103,9,0,4
54,263,6,0,4
41,239,7,0,0
95,75,9,0,5
48,31,9,0,0
71,112,9,0,4
83,65,9,0,3
32,203,7,0,0
26,28,9,0,2
51,218,6,0,2
34,116,9,0,3
36,13,9,0,5
28,117,9,0,3
3,113,9,0,2
90,107,9,0,1
85,126,9,0,2
61,56,9,0,5
40,204,7,0,0
27,34,9,0,6
21,307,8,0,3
45,126,9,0,1
50,122,9,0,1
97,33,9,0,3
35,209,7,0,5
44,66,9,0,1
88,227,7,0,2
57,232,7,0,6
34,201,6,0,4
33,95,9,0,4
32,233,6,0,1
34,222,6,0,2
60,301,8,0,0
24,47,9,0,5
26,12,9,1,4
46,8,9,0,5
41,305,8,0,2
49,217,6,0,1
9,91,9,0,6
62,107,9,0,6
63,6,9,0,2
28,248,7,0,2
10,246,7,0,4
21,261,6,0,6
101,206,6,0,6
59,252,6,0,6
31,253,6,0,5
53,222,7,0,5
30,308,8,0,4
33,37,9,0,6
38,14,9,0,1
49,50,9,0,0
69,203,7,0,3
59,17,9,0,4
90,64,9,0,4
2,241,7,0,4
35,77,9,0,5
42,40,9,0,1
31,76,9,0,0
34,303,8,0,1
34,48,9,0,2
23,214,6,0,4
39,229,6,0,3
53,119,9,0,5
29,4,9,0,0
40,10,9,0,4
76,226,7,0,0
53,92,9,0,0
15,123,9,0,0
77,246,6,0,5
70,209,7,0,6
35,306,8,0,5
47,219,7,0,3
42,309,8,0,2
62,3,9,0,4
16,209,7,0,0
35,7,9,0,0
46,66,9,0,6
6,3,9,0,4
114,210,7,0,5
63,99,9,0,4
55,24,9,0,3
41,55,9,0,3
58,203,6,0,3
60,16,9,0,0
24,222,7,1,0
58,215,7,0,0
57,201,7,0,4
51,216,7,0,5
36,300,8,0,0
54,245,7,0,3
29,28,9,0,2
47,300,8,0,2
31,15,9,0,1
46,99,9,0,2
63,246,7,0,1
47,208,7,0,6
42,215,7,0,4
40,214,7,0,1
33,38,9,0,1
7,9,9,0,4
12,222,7,0,4
93,203,7,0,0
11,94,9,0,4
27,205,7,0,6
40,126,9,0,4
37,217,7,0,3
12,218,6,0,2
15,56,9,0,4
29,231,7,0,2
46,117,9,0,3
55,218,6,0,1
63,19,9,0,3
47,67,9,0,4
33,208,7,0,2
40,220,7,0,1
28,97,9,0,4
36,304,8,0,1
24,235,7,0,2
51,301,8,0,3
64,43,9,0,6
15,307,8,0,3
49,19,9,0,6
48,52,9,0,6
71,39,9,0,6
36,99,9,0,4
29,79,9,0,3
39,303,8,0,2
49,209,6,0,4
47,235,7,0,0
45,115,9,0,1
42,205,7,0,1
36,250,6,0,2
45,80,9,0,5
51,19,9,0,5
29,239,7,0,3
42,21,9,0,3
42,124,9,0,2
19,91,9,0,5
55,201,7,0,6
30,87,9,0,6
43,217,6,0,4
42,213,6,0,0
32,201,7,0,4
47,234,7,0,6
35,203,6,0,6
10,43,9,0,2
45,18,9,0,4
54,128,9,0,3
41,2,9,0,6
19,307,8,1,3
41,228,7,0,2
31,25,9,0,6
31,13,9,0,6
53,65,9,0,2
22,231,7,0,3
37,300,8,0,2
21,262,6,0,6
18,114,9,0,6
72,240,7,0,0
31,222,6,0,1
13,16,9,0,1
42,261,6,0,5
48,90,9,0,2
38,248,6,0,1
46,226,7,0,5
65,119,9,0,3
38,38,9,0,0
26,15,9,0,4
70,64,9,0,2
53,129,9,0,2
82,215,6,0,1
20,111,9,0,3
8,94,9,0,6
40,63,9,0,5
34,18,9,0,2
34,227,6,0,6
41,304,8,0,0
43,218,7,0,2
53,12,9,1,0
25,121,9,0,2
73,96,9,0,1
67,214,7,0,2
50,212,7,0,2
39,60,9,0,5
74,308,8,0,5
6,211,7,0,1
4,129,9,0,0
40,120,9,0,0
46,16,9,0,3
53,70,9,0,4
40,236,6,0,5
33,98,9,0,0
65,120,9,0,4
26,301,8,0,0
2,87,9,0,2
43,93,9,0,2
43,117,9,0,5
9,125,9,0,5
34,123,9,0,5
39,29,9,0,5
50,51,9,0,0
44,235,7,0,2
49,100,9,0,0
72,247,6,0,1
58,114,9,0,5
23,9,9,0,3
45,300,8,0,0
49,307,8,0,3
63,76,9,0,2
38,32,9,0,3
58,97,9,0,0
36,213,7,0,4
42,255,6,0,4
45,69,9,0,1
49,48,9,0,4
33,239,7,0,3
37,9,9,0,1
68,208,6,0,3
2,235,7,0,5
34,248,7,0,6
50,246,6,0,5
43,117,9,0,1
46,120,9,0,2
41,100,9,0,3
34,40,9,0,1
31,214,7,0,4
39,23,9,0,4
47,240,7,0,0
30,208,7,0,3
50,68,9,0,6
23,201,7,0,4
70,241,6,0,6
19,120,9,0,6
45,103,9,0,4
51,204,7,0,4
50,203,7,0,4
52,41,9,0,2
19,236,6,0,0
71,68,9,0,0
34,118,9,0,4
56,108,9,0,2
47,115,9,0,3
41,234,7,0,1
23,53,9,0,1
19,229,6,0,4
65,244,7,0,1
29,68,9,0,1
51,15,9,0,4
65,222,6,0,3
39,246,7,0,5
30,127,9,0,2
21,103,9,0,2
51,237,7,0,3
34,22,9,0,1
33,306,8,0,5
40,3,9,0,1
22,231,7,0,5
12,305,8,0,6
22,237,6,0,6
93,248,7,0,5
44,93,9,0,0
93,225,6,0,6
22,13,9,0,5
35,34,9,0,6
40,120,9,0,6
41,69,9,0,2
50,216,6,0,1
76,230,6,0,2
51,242,7,0,5
40,216,7,0,3
34,27,9,0,5
34,16,9,0,6
58,239,7,0,6
5,123,9,0,4
50,74,9,0,3
11,64,9,0,1
50,73,9,0,2
37,12,9,0,2
44,79,9,0,1
105,28,9,0,2
54,1,9,0,4
44,208,7,0,5
37,202,7,0,3
12,46,9,0,0
31,224,7,0,5
53,210,6,0,6
12,81,9,0,5
47,77,9,0,5
63,83,9,0,5
5,114,9,0,0
144,213,7,0,3
30,204,7,0,3
48,306,8,0,2
23,94,9,0,3
45,65,9,0,5
63,121,9,0,1
139,100,9,0,0
54,258,6,0,6
46,19,9,0,6
33,50,9,0,6
73,208,7,0,1
64,243,7,0,2
58,214,7,0,2
41,2,9,0,6
28,212,7,0,0
23,47,9,0,3
50,258,6,0,6
50,37,9,0,1
37,43,9,0,1
35,247,6,0,2
117,234,7,0,6
66,84,9,0,5
13,79,9,0,6
24,117,9,0,3
31,201,7,0,1
42,95,9,0,2
41,103,9,0,3
93,206,7,0,4
53,245,7,0,1
21,225,6,0,1
108,52,9,0,4
50,49,9,0,6
40,236,6,0,2
41,204,7,0,2
66,120,9,0,1
45,83,9,0,1
41,120,9,0,0
44,69,9,0,0
21,75,9,0,6
28,218,7,0,2
52,224,7,0,4
28,240,6,0,1
45,223,7,0,1
48,226,7,0,0
42,124,9,0,3
28,224,6,0,4
35,60,9,0,1
34,226,6,0,3
35,13,9,0,5
47,55,9,0,6
26,37,9,0,2
76,88,9,0,0
104,10,9,0,3
49,235,7,0,3
34,209,6,0,6
3,60,9,0,5
58,10,9,0,2
34,81,9,0,2
44,46,9,0,3
81,245,7,0,5
54,86,9,0,1
17,243,7,0,6
46,37,9,0,5
42,250,6,0,3
101,120,9,0,6
49,307,8,0,1
68,216,6,0,3
68,71,9,0,5
59,217,6,0,3
32,248,6,0,3
18,249,7,0,1
21,36,9,0,4
37,253,6,0,2
55,309,8,0,1
51,125,9,0,1
67,218,6,0,3
63,34,9,0,2
27,256,6,0,1
33,302,8,0,6
70,219,7,0,1
25,211,7,0,5
36,211,7,0,5
45,65,9,0,1
48,16,9,0,3
73,9,9,0,3
53,21,9,0,5
55,105,9,0,0
80,303,8,0,6
38,57,9,0,5
3,100,9,0,0
14,61,9,0,1
39,229,6,0,1
59,38,9,0,3
60,55,9,0,4
23,108,9,0,1
55,114,9,0,2
28,42,9,0,3
55,119,9,0,1
22,205,6,0,1
17,97,9,0,1
54,104,9,0,4
59,242,7,0,3
130,95,9,1,4
63,205,7,0,2
36,37,9,0,5
35,239,7,0,0
13,29,9,0,0
49,118,9,0,1
30,230,7,0,4
31,88,9,0,6
4,59,9,0,4
41,5,9,0,3
28,215,7,0,3
13,123,9,0,5
29,245,7,0,5
68,23,9,0,1
52,92,9,0,1
36,36,9,0,5
12,82,9,0,0
11,203,7,0,4
43,58,9,0,3
18,127,9,0,2
114,205,7,0,1
11,67,9,0,3
36,225,6,0,0
63,9,9,0,6
48,97,9,0,6
25,224,7,0,5
59,10,9,0,1
44,214,6,0,2
45,237,7,0,1
38,242,7,0,4
59,207,7,1,0
56,227,7,0,6
54,11,9,0,5
25,119,9,0,2
33,262,6,0,3
32,121,9,0,4
46,6,9,0,1
15,29,9,0,2
57,4,9,0,2
65,34,9,0,1
42,104,9,0,3
55,232,7,0,0
36,236,7,0,5
25,259,6,0,4
44,300,8,0,0
29,248,6,0,3
45,213,6,0,2
72,202,7,0,2
23,43,9,0,1
34,232,7,0,5
25,259,6,0,0
29,52,9,0,2
31,11,9,0,2
2,302,8,0,3
70,230,7,0,4
37,97,9,0,6
37,10,9,0,1
16,44,9,0,2
34,216,6,0,6
1,222,7,0,4
48,309,8,0,6
29,261,6,0,5
46,215,6,0,2
41,211,7,0,6
29,54,9,0,1
4,202,6,0,0
40,249,6,0,2
44,116,9,0,6
34,107,9,0,1
85,113,9,0,5
42,200,7,0,4
18,218,7,0,3
36,228,7,0,4
52,67,9,0,0
36,212,7,0,1
35,65,9,0,0
50,78,9,0,6
34,3,9,0,1
22,55,9,0,5
22,205,7,0,5
48,248,6,0,1
62,37,9,0,2
47,216,6,0,5
53,44,9,0,1
62,119,9,0,2
33,72,9,0,0
38,105,9,0,3
61,233,6,0,1
21,113,9,0,4
109,28,9,0,4
72,65,9,0,0
46,64,9,0,5
46,307,8,0,5
41,10,9,0,5
2,56,9,0,5
38,240,6,0,5
38,49,9,0,5
39,21,9,0,5
26,257,6,0,2
66,78,9,0,6
33,115,9,0,1
79,43,9,0,3
19,20,9,0,4
45,1,9,1,0
86,221,7,0,3
57,67,9,0,0
52,27,9,0,6
80,24,9,0,3
57,16,9,0,6
60,230,7,0,0
29,87,9,0,6
43,214,7,0,6
46,39,9,0,0
40,217,7,0,3
54,74,9,0,2
48,247,7,0,3
37,86,9,1,4
20,231,7,0,0
37,217,6,0,1
43,203,6,0,3
53,219,6,0,2
39,236,7,0,4
36,209,6,0,0
47,304,8,0,2
42,219,7,0,4
47,238,7,0,6
43,40,9,0,5
31,114,9,1,4
47,238,6,0,3
62,216,6,0,3
58,4,9,0,3
25,48,9,0,3
26,200,6,0,2
42,220,7,0,2
36,215,6,0,2
18,14,9,0,1
44,50,9,0,0
29,127,9,0,4
27,26,9,0,4
48,232,7,0,3
54,127,9,0,2
25,10,9,0,4
2,218,7,0,0
72,36,9,0,6
48,220,7,0,0
78,225,7,0,5
41,96,9,0,4
144,206,7,0,0
39,109,9,0,4
50,231,6,0,6
30,8,9,0,5
47,6,9,0,5
43,214,7,0,6
38,100,9,0,6
28,303,8,0,1
85,29,9,0,4
85,67,9,0,3
9,235,7,0,0
75,28,9,0,4
2,97,9,0,2
42,231,7,0,2
21,5,9,0,1
29,249,6,0,6
49,207,6,0,4
40,66,9,1,0
52,108,9,0,2
63,308,8,0,5
48,28,9,0,1
47,219,7,0,2
10,123,9,0,1
57,116,9,0,3
53,234,7,1,3
1,306,8,0,0
12,65,9,0,6
26,240,7,0,4
39,2,9,0,1
67,69,9,0,2
35,215,7,0,3
43,115,9,0,0
56,76,9,0,5
110,28,9,0,0
49,23,9,0,5
23,231,7,0,4
122,239,7,0,6
51,26,9,0,1
40,86,9,0,3
27,242,7,0,6
87,108,9,0,1
40,114,9,0,0
65,220,6,0,3
11,45,9,0,4
28,114,9,0,3
33,233,7,0,4
58,202,7,0,5
56,220,6,0,2
53,36,9,0,5
50,243,7,0,0
52,243,6,0,6
6,249,7,0,5
23,114,9,0,2
26,75,9,0,0
3,108,9,0,0
30,108,9,0,2
58,65,9,1,3
43,37,9,0,4
83,240,7,0,1
53,88,9,0,6
45,19,9,1,4
48,261,6,0,5
31,58,9,0,1
44,34,9,0,0
63,10,9,0,3
21,259,6,0,2
23,14,9,0,6
28,224,7,0,1
33,87,9,0,4
33,250,6,0,5
38,200,7,0,5
48,38,9,0,4
45,307,8,0,1
28,238,7,0,5
51,243,7,0,0
45,116,9,0,3
28,201,7,0,3
28,32,9,0,1
32,126,9,0,3
30,66,9,0,3
26,238,7,0,5
40,31,9,0,3
40,119,9,0,5
18,111,9,0,0
23,241,7,0,6
37,208,6,0,6
67,124,9,1,0
35,13,9,0,5
35,308,8,0,6
34,22,9,0,0
62,307,8,0,6
54,55,9,0,1
38,309,8,0,5
40,253,6,0,4
27,13,9,0,2
45,214,6,0,5
28,6,9,0,3
35,306,8,0,5
12,104,9,0,6
60,105,9,0,0
33,238,6,0,6
71,3,9,0,4
38,200,6,0,6
40,240,7,0,6
70,122,9,0,4
46,235,6,0,5
49,251,6,0,5
60,239,6,0,4
37,50,9,0,5
55,306,8,0,4
24,217,7,0,4
15,55,9,0,2
72,18,9,0,0
47,49,9,0,1
53,241,7,0,1
24,224,6,0,0
47,81,9,0,3
71,225,7,0,2
48,75,9,0,0
54,56,9,0,0
31,209,7,0,2
48,85,9,0,3
11,201,7,0,2
44,201,7,0,3
48,202,7,0,5
42,226,6,0,1
19,45,9,0,0
43,202,7,0,2
34,126,9,0,2
38,63,9,0,4
26,33,9,0,6
65,6,9,0,1
21,40,9,0,4
60,246,6,0,1
32,34,9,0,1
74,118,9,0,6
34,244,7,0,5
90,209,7,0,3
24,52,9,0,1
50,110,9,0,0
23,233,6,0,5
39,61,9,0,4
33,212,7,0,0
47,246,7,0,2
40,26,9,0,6
71,86,9,0,3
25,202,6,0,6
43,230,7,0,6
24,240,6,0,2
37,2,9,0,6
47,76,9,0,3
43,63,9,0,6
46,125,9,0,1
77,236,7,0,2
52,66,9,0,3
86,220,7,0,1
29,73,9,0,6
40,29,9,0,4
14,60,9,0,1
33,77,9,0,3
5,56,9,0,3
22,66,9,0,3
55,302,8,0,0
43,86,9,0,5
39,206,7,0,6
1,211,7,0,0
23,309,8,0,5
30,208,6,0,1
29,243,6,0,3
49,300,8,0,3
26,103,9,0,4
52,42,9,0,6
34,301,8,0,4
30,243,7,0,2
52,72,9,0,4
43,108,9,0,6
39,98,9,0,0
72,209,6,0,2
18,239,6,0,0
38,110,9,0,0
85,112,9,0,0
42,20,9,0,2
37,222,6,0,5
26,242,6,0,3
2,27,9,0,1
31,76,9,0,2
11,216,6,0,1
50,304,8,0,4
31,221,6,0,4
26,2,9,0,2
56,19,9,0,0
39,303,8,0,6
53,42,9,0,2
47,110,9,0,1
31,240,7,0,5
65,29,9,0,6
53,50,9,0,3
60,41,9,0,2
58,94,9,0,6
43,88,9,0,5
44,217,7,0,6
42,104,9,0,0
74,104,9,0,1
26,12,9,0,1
52,88,9,0,4
64,33,9,0,5
72,257,6,0,3
39,300,8,0,3
10,222,7,0,3
60,27,9,0,2
65,67,9,0,2
54,114,9,0,1
17,229,6,0,3
43,301,8,0,6
35,222,7,0,4
2,213,7,0,0
38,71,9,0,1
26,118,9,0,5
5,222,7,0,4
34,217,6,0,0
18,37,9,0,1
43,62,9,0,6
49,247,7,0,4
43,255,6,0,1
4,25,9,0,1
41,87,9,0,4
36,79,9,0,3
37,62,9,0,0
39,129,9,0,2
45,117,9,0,6
44,101,9,0,4
50,51,9,1,4
34,241,7,0,2
44,32,9,0,5
61,97,9,0,3
21,209,7,0,3
68,233,7,0,5
27,1,9,0,4
37,71,9,0,5
60,65,9,0,2
91,255,6,0,3
23,36,9,0,2
25,258,6,0,6
13,42,9,0,6
43,224,7,0,6
44,16,9,0,1
46,203,7,0,1
19,217,6,0,1
33,207,7,0,6
19,212,7,0,5
55,260,6,0,1
44,20,9,0,2
26,232,7,0,5
29,87,9,0,4
43,108,9,0,2
40,257,6,0,2
30,204,7,0,5
39,241,7,0,6
57,1,9,0,3
66,258,6,0,0
58,238,6,0,2
65,24,9,0,3
47,43,9,0,3
52,29,9,0,0
14,91,9,0,2
68,228,7,0,4
12,65,9,0,1
43,218,6,0,0
48,48,9,0,0
1,60,9,0,3
31,51,9,0,3
50,37,9,0,3
30,69,9,0,2
54,2,9,0,5
46,223,6,0,0
30,33,9,0,2
4,243,7,0,6
30,92,9,0,4
12,226,7,0,3
9,208,7,0,2
66,91,9,0,4
52,98,9,1,0
21,69,9,0,6
34,59,9,0,0
37,29,9,0,2
30,110,9,0,0
27,35,9,0,6
42,228,7,0,2
28,217,7,0,4
57,303,8,0,0
28,216,6,0,1
45,89,9,1,4
1,42,9,0,3
20,36,9,0,5
40,260,6,0,2
13,236,7,0,6
52,80,9,0,5
46,44,9,0,1
29,217,6,0,0
72,253,6,0,4
37,39,9,0,2
30,11,9,0,5
26,68,9,0,3
61,208,6,0,4
61,2,9,0,5
37,306,8,0,5
30,309,8,0,2
41,208,7,0,1
51,49,9,0,6
32,68,9,0,5
47,300,8,0,0
61,127,9,0,4
28,46,9,0,5
42,212,7,0,6
21,201,7,0,1
21,14,9,0,3
39,94,9,0,6
8,81,9,0,1
42,45,9,0,0
34,5,9,0,3
51,37,9,0,2
67,30,9,0,5
95,209,7,0,5
30,72,9,0,4
35,41,9,0,2
46,97,9,0,5
70,17,9,0,2
23,222,7,0,5
31,201,7,0,0
46,90,9,0,3
4,117,9,0,5
67,222,7,0,3
69,50,9,1,3
48,89,9,0,0
62,249,7,0,3
52,201,7,0,1
53,33,9,0,3
37,305,8,0,3
44,117,9,0,3
20,207,6,0,6
29,90,9,0,1
36,35,9,0,5
61,70,9,0,0
61,109,9,0,6
39,302,8,0,4
53,303,8,0,4
38,80,9,0,2
65,248,7,1,0
29,13,9,0,4
68,204,7,0,4
36,48,9,0,3
65,43,9,0,4
23,221,7,0,4
12,306,8,0,6
70,71,9,0,2
64,19,9,0,3
51,309,8,0,1
78,228,6,0,5
57,60,9,0,1
42,126,9,0,1
14,232,7,0,1
55,204,7,0,2
37,55,9,0,3
79,308,8,0,1
63,44,9,0,5
26,87,9,0,0
32,79,9,0,1
30,48,9,0,0
61,60,9,0,5
68,255,6,0,2
6,87,9,0,6
66,55,9,0,5
45,78,9,0,2
39,78,9,0,6
42,222,7,0,0
69,30,9,0,2
53,239,6,0,1
26,108,9,0,3
30,78,9,0,6
20,123,9,0,1
55,43,9,0,3
24,210,7,0,1
36,203,6,0,2
9,13,9,0,6
44,205,7,0,4
38,116,9,0,4
61,263,6,0,0
12,80,9,0,3
50,236,6,0,3
11,243,6,0,5
6,125,9,0,3
47,86,9,0,6
44,109,9,0,5
14,237,7,0,6
55,2,9,0,1
4,236,6,0,5
49,30,9,0,4
49,108,9,0,0
40,82,9,0,2
129,307,8,0,5
42,25,9,0,0
45,55,9,0,3
46,77,9,0,4
24,37,9,0,4
37,212,7,0,2
51,14,9,0,4
69,95,9,0,0
67,85,9,0,5
71,74,9,0,6
21,37,9,0,5
40,54,9,0,1
27,73,9,0,1
42,263,6,0,0
28,111,9,0,6
36,79,9,0,4
52,214,7,0,4
40,129,9,0,3
73,98,9,0,6
34,26,9,1,4
23,49,9,0,5
29,126,9,0,4
35,306,8,0,0
42,72,9,0,4
15,116,9,0,2
25,30,9,0,0
70,216,7,0,0
1,32,9,0,6
46,263,6,0,1
5,201,7,0,6
67,239,7,0,2
42,56,9,0,1
39,70,9,0,5
27,16,9,0,6
36,70,9,0,2
35,243,6,0,0
6,111,9,0,3
91,221,6,0,2
43,84,9,0,5
35,40,9,0,6
42,60,9,0,0
34,39,9,0,5
9,61,9,0,3
38,57,9,0,5
30,209,6,0,0
2,28,9,0,3
28,122,9,0,6
46,124,9,0,4
63,56,9,0,0
52,222,7,0,0
1,242,7,0,3
70,204,6,0,5
51,109,9,0,0
42,56,9,0,1
48,83,9,0,0
38,33,9,0,4
23,65,9,0,0
51,105,9,0,6
47,113,9,0,0
61,208,7,0,6
45,11,9,0,4
14,242,7,0,3
61,45,9,0,1
69,109,9,0,2
68,204,7,0,0
50,232,6,0,6
36,309,8,0,0
60,3,9,0,0
45,240,7,0,5
22,210,7,0,3
43,93,9,0,4
57,204,7,1,0
42,120,9,0,0
38,120,9,0,2
84,208,7,0,2
2,236,7,0,0
37,91,9,0,1
23,13,9,0,0
12,246,6,0,3
29,77,9,0,6
39,207,7,0,0
29,240,6,0,0
53,247,7,0,6
55,28,9,0,6
48,46,9,0,4
49,40,9,1,4
33,230,6,0,5
47,128,9,0,5
34,205,7,0,4
19,217,7,0,0
48,240,7,0,5
15,68,9,0,4
56,105,9,0,5
45,228,7,0,0
38,245,7,0,1
59,9,9,0,1
46,242,7,0,5
35,85,9,0,4
13,1,9,0,3
48,21,9,0,2
26,237,7,0,2
47,219,7,0,1
59,235,7,0,3
4,202,7,0,6
79,17,9,0,4
42,122,9,0,6
19,200,7,0,2
36,120,9,0,5
58,16,9,0,0
10,12,9,0,4
43,52,9,0,6
29,25,9,0,0
63,212,6,0,6
54,129,9,1,0
34,200,7,0,4
51,83,9,0,4
31,231,6,0,0
47,224,7,0,2
31,117,9,0,4
34,46,9,0,6
40,121,9,0,1
17,227,7,0,0
30,25,9,0,6
31,40,9,0,1
26,205,6,0,0
34,54,9,0,6
34,219,7,0,5
40,93,9,0,4
41,62,9,0,3
53,246,7,0,1
27,302,8,0,3
55,62,9,0,5
29,231,7,0,6
9,54,9,0,5
55,101,9,0,0
24,248,7,0,5
40,35,9,0,6
50,305,8,0,4
91,260,6,1,0
71,238,6,0,4
53,240,7,0,4
15,113,9,0,4
47,203,6,0,0
48,66,9,0,1
42,12,9,0,2
46,95,9,0,5
24,200,7,0,2
65,112,9,0,5
24,16,9,0,5
52,236,6,0,4
32,20,9,0,3
1,262,6,0,4
58,230,7,0,2
18,302,8,0,3
64,66,9,0,0
32,94,9,0,3
49,54,9,0,5
36,211,7,0,3
62,218,6,0,2
39,99,9,0,5
42,97,9,0,2
40,209,6,0,4
81,30,9,0,0
59,72,9,0,1
26,84,9,0,6
38,233,7,0,3
28,100,9,0,0
23,200,7,0,4
72,220,7,0,0
56,241,7,0,6
42,246,7,0,3
54,237,6,0,0
36,66,9,0,3
42,61,9,0,4
50,16,9,0,5
60,7,9,0,4
50,218,7,0,3
29,207,6,0,1
36,11,9,0,0
88,76,9,0,6
34,11,9,0,4
46,57,9,0,6
45,227,6,0,4
45,14,9,0,3
18,85,9,0,3
22,233,7,0,1
5,128,9,0,2
50,81,9,0,0
37,233,7,0,5
72,12,9,0,4
42,36,9,0,6
38,3,9,0,0
18,5,9,0,0
16,215,7,0,0
56,16,9,0,3
16,33,9,0,6
48,21,9,0,6
49,76,9,0,5
53,226,7,0,3
34,236,6,0,1
60,88,9,0,0
58,60,9,0,2
52,238,7,0,0
68,129,9,0,6
39,13,9,0,4
30,96,9,0,4
47,77,9,0,4
23,15,9,0,4
43,37,9,0,6
2,257,6,0,5
38,246,7,0,5
43,215,7,0,1
49,46,9,0,4
44,80,9,0,3
35,14,9,0,6
58,78,9,0,1
51,255,6,0,2
47,242,6,0,1
56,61,9,0,1
60,203,6,0,4
35,246,6,0,2
52,263,6,0,3
72,205,7,0,6
65,33,9,0,5
71,302,8,0,1
48,32,9,0,0
29,18,9,0,0
10,44,9,0,1
39,307,8,0,6
26,18,9,0,2
79,247,6,0,2
68,226,7,0,0
92,306,8,0,5
21,41,9,0,5
49,72,9,0,4
38,256,6,0,6
34,221,6,0,3
38,127,9,0,6
112,92,9,0,0
44,63,9,0,2
27,5,9,1,3
67,57,9,0,1
58,24,9,0,4
49,47,9,0,2
41,234,7,0,1
38,118,9,0,6
80,226,7,0,2
18,97,9,0,3
44,8,9,0,0
20,50,9,0,3
31,303,8,0,4
20,235,7,0,0
22,222,7,0,6
69,263,6,0,1
26,63,9,0,3
22,126,9,0,4
17,74,9,0,0
39,95,9,0,0
37,101,9,0,4
82,200,6,0,5
53,58,9,0,4
40,69,9,0,3
33,96,9,0,6
50,240,6,0,2
14,52,9,0,3
25,239,6,0,2
36,73,9,0,4
43,207,6,0,4
22,78,9,0,6
14,66,9,0,4
30,218,6,0,4
29,63,9,0,1
50,1,9,0,2
54,68,9,0,4
38,45,9,0,4
21,207,6,0,5
54,248,7,0,6
52,80,9,0,4
78,26,9,0,5
34,207,6,0,5
16,220,6,0,3
23,22,9,0,4
36,212,6,0,4
49,230,7,0,6
42,36,9,0,0
52,7,9,0,5
31,248,6,0,5
39,96,9,0,5
45,221,7,0,4
21,27,9,0,4
81,239,7,0,4
33,309,8,0,5
39,240,7,0,6
2,240,7,0,6
42,15,9,0,1
35,204,7,0,3
61,69,9,0,0
43,217,7,0,4
55,78,9,0,6
39,8,9,0,3
41,7,9,0,1
38,300,8,0,2
51,109,9,0,6
51,11,9,0,0
67,250,6,0,3
32,22,9,0,6
21,240,6,0,4
56,220,7,0,4
30,2,9,0,6
42,80,9,0,1
35,20,9,0,1
40,112,9,0,1
42,226,7,0,4
45,109,9,0,6
47,226,6,0,2
32,106,9,0,4
41,13,9,0,5
34,249,6,0,3
49,256,6,0,5
69,104,9,0,6
44,65,9,0,3
6,44,9,0,0
61,87,9,0,2
50,229,6,0,4
71,60,9,0,5
8,27,9,0,1
47,219,7,0,5
67,12,9,0,3
35,101,9,0,5
39,92,9,0,3
41,245,7,0,2
31,233,7,0,1
46,42,9,0,5
25,256,6,0,0
65,212,7,0,6
44,237,7,0,0
63,18,9,0,5
76,249,6,0,3
51,259,6,0,5
47,64,9,0,6
58,217,6,0,1
44,101,9,0,2
41,48,9,0,6
78,125,9,0,5
49,208,7,0,6
2,26,9,0,0
111,302,8,0,4
24,40,9,0,3
60,259,6,0,1
58,243,6,0,6
68,239,6,0,2
28,102,9,0,6
5,200,7,0,0
20,86,9,0,5
66,248,7,0,2
34,55,9,0,4
44,77,9,0,4
19,211,7,0,2
55,247,6,0,2
18,82,9,0,2
14,99,9,0,4
44,216,7,0,5
46,209,7,0,3
27,25,9,0,6
62,257,6,0,3
46,203,7,0,4
41,116,9,0,2
96,126,9,0,6
31,248,6,0,3
27,212,7,0,4
71,108,9,0,3
35,53,9,0,5
28,115,9,0,6
7,72,9,0,5
48,246,6,0,5
64,308,8,0,5
60,99,9,0,6
30,221,7,0,1
79,213,7,0,5
48,81,9,0,4
57,229,6,0,6
41,41,9,0,4
56,234,7,0,2
22,60,9,0,3
30,226,7,0,6
36,252,6,0,4
41,99,9,0,3
35,308,8,0,0
30,113,9,0,4
46,61,9,0,3
52,41,9,0,3
56,24,9,0,4
30,51,9,0,6
55,200,7,0,2
83,229,7,1,4
26,239,6,0,6
51,219,7,0,0
2,71,9,0,4
8,95,9,0,4
44,108,9,0,1
6,245,7,0,1
48,245,7,0,3
15,40,9,0,2
38,202,6,0,3
27,41,9,0,4
50,97,9,0,3
2,259,6,0,1
34,82,9,0,6
10,42,9,0,0
53,114,9,0,1
60,76,9,0,5
77,67,9,0,4
25,303,8,0,5
49,89,9,0,4
58,224,7,0,5
21,257,6,0,4
39,128,9,0,4
54,23,9,0,4
71,236,6,0,3
42,219,6,0,3
42,243,6,0,2
34,241,7,0,1
31,119,9,0,5
47,231,6,0,4
40,212,6,0,4
15,32,9,0,1
44,247,7,0,3
56,51,9,0,3
20,243,7,0,5
33,69,9,0,1
59,11,9,0,6
39,18,9,0,6
65,55,9,0,4
46,218,7,0,0
54,228,7,0,2
57,93,9,0,3
53,8,9,0,0
13,51,9,0,1
34,20,9,0,0
58,116,9,0,2
27,243,7,0,5
36,233,6,0,3
55,234,7,0,1
31,87,9,0,5
48,130,9,0,1
63,54,9,0,4
58,42,9,0,1
7,104,9,0,3
17,223,7,0,1
78,209,7,0,6
49,2,9,0,0
56,100,9,0,5
37,220,7,0,3
28,7,9,0,5
5,101,9,0,4
31,74,9,0,6
66,36,9,0,3
46,89,9,0,2
39,3,9,0,0
25,201,6,0,5
59,41,9,0,6
76,87,9,0,6
40,100,9,0,2
41,95,9,0,0
7,120,9,0,6
80,83,9,0,1
34,218,7,0,3
52,15,9,0,1
68,104,9,0,6
7,107,9,0,3
42,241,7,0,1
35,205,7,0,1
12,73,9,0,6
40,305,8,0,4
47,119,9,0,4
34,57,9,0,5
49,49,9,0,2
49,221,6,0,1
111,7,9,0,2
15,214,7,0,3
39,209,7,0,2
23,207,7,0,3
36,44,9,0,0
49,213,7,0,3
42,230,6,0,0
93,304,8,0,1
37,61,9,0,5
46,66,9,0,3
15,220,7,0,6
54,206,7,0,0
40,51,9,1,0
42,201,6,0,2
31,238,6,0,4
64,23,9,0,4
36,92,9,0,5
32,249,7,0,2
39,303,8,0,5
45,202,6,0,1
80,235,6,0,6
68,106,9,0,1
27,209,7,0,2
48,202,7,0,6
37,33,9,0,3
52,252,6,0,2
33,29,9,0,1
34,203,7,0,3
76,226,7,0,0
53,48,9,0,6
23,104,9,0,4
103,7,9,0,4
46,8,9,0,0
64,209,7,0,2
29,215,7,0,4
27,26,9,0,0
57,88,9,0,1
48,45,9,0,4
55,239,6,0,2
36,255,6,0,4
46,218,7,0,5
54,73,9,0,2
54,86,9,0,4
37,11,9,0,1
5,53,9,0,0
43,239,6,0,3
62,71,9,0,3
62,214,7,0,3
20,31,9,0,2
38,220,6,0,3
57,86,9,0,1
35,212,6,0,0
50,16,9,0,4
50,120,9,0,1
36,105,9,0,6
26,52,9,0,4
25,70,9,0,6
41,89,9,0,0
42,37,9,0,1
22,23,9,0,1
38,300,8,0,6
36,72,9,0,1
62,211,6,0,6
57,254,6,0,5
31,107,9,0,5
47,247,7,0,2
23,130,9,0,3
23,67,9,0,0
83,49,9,0,4
2,34,9,0,0
19,232,6,0,5
51,65,9,0,4
40,52,9,0,1
12,259,6,0,0
34,19,9,0,2
45,205,7,0,5
33,100,9,0,5
4,91,9,0,5
51,92,9,0,3
49,235,6,0,4
96,98,9,0,5
34,9,9,0,5
61,213,6,0,2
14,32,9,0,3
54,300,8,0,6
43,103,9,0,0
14,201,6,0,3
45,128,9,0,0
34,114,9,0,3
33,308,8,0,5
76,124,9,0,2
44,234,7,0,1
41,22,9,0,3
40,52,9,0,2
38,220,7,0,1
27,127,9,0,3
53,262,6,0,3
39,78,9,0,0
49,41,9,0,0
5,208,6,0,1
35,72,9,0,2
27,246,7,0,4
37,238,7,0,1
16,254,6,0,3
47,207,6,0,6
42,14,9,0,0
48,245,6,0,0
3,116,9,0,3
65,309,8,0,1
94,209,7,0,1
35,106,9,0,1
74,58,9,0,6
16,130,9,0,1
67,82,9,0,1
54,92,9,0,0
64,231,6,0,1
28,305,8,0,0
46,262,6,0,5
38,208,7,0,0
44,70,9,0,4
53,115,9,0,4
50,114,9,0,6
36,216,7,0,1
41,222,7,0,3
55,91,9,0,6
47,65,9,0,2
21,218,7,0,1
54,220,6,0,5
27,25,9,0,0
87,230,7,0,4
31,26,9,0,4
59,108,9,0,5
51,127,9,0,1
36,74,9,0,6
63,215,7,0,1
36,300,8,0,1
42,93,9,0,2
41,77,9,0,5
48,101,9,0,5
33,307,8,0,1
38,40,9,0,1
44,122,9,0,2
33,63,9,1,3
41,224,7,0,2
87,230,7,0,2
45,94,9,0,5
29,53,9,0,0
48,119,9,0,4
27,114,9,0,6
77,244,7,0,5
25,115,9,0,2
30,59,9,0,5
30,247,7,0,1
28,98,9,0,1
47,122,9,0,3
19,225,7,0,1
56,80,9,0,5
15,216,7,0,0
24,71,9,0,5
97,30,9,0,4
46,207,7,0,1
22,124,9,0,1
53,215,7,0,4
33,302,8,0,3
54,250,6,0,1
108,111,9,0,5
43,20,9,0,0
45,60,9,0,5
37,21,9,0,3
58,205,7,0,0
67,3,9,0,2
46,200,6,0,6
35,97,9,0,0
28,218,6,0,6
46,19,9,0,0
38,10,9,0,5
46,9,9,0,1
12,202,7,0,4
58,229,7,0,5
44,9,9,0,2
38,26,9,0,2
13,216,7,0,2
33,43,9,0,2
35,231,6,0,4
40,243,7,0,1
29,119,9,0,2
54,112,9,0,0
41,47,9,0,0
1,8,9,0,2
72,210,7,0,6
30,242,7,0,1
22,203,6,0,2
45,26,9,0,4
26,219,7,0,5
78,68,9,0,3
19,245,7,0,6
38,258,6,1,0
136,308,8,0,5
59,217,7,0,6
25,241,7,0,0
55,64,9,0,1
3,233,7,0,0
47,117,9,0,1
45,236,6,0,6
27,226,7,0,4
33,12,9,0,4
36,37,9,0,6
29,216,6,0,3
58,256,6,0,2
45,77,9,0,1
49,130,9,0,1
80,42,9,0,2
71,305,8,0,6
49,304,8,0,1
42,20,9,0,1
53,207,7,0,2
50,252,6,0,1
84,209,7,0,3
74,241,6,0,5
84,99,9,0,2
59,7,9,0,0
47,249,7,0,1
53,65,9,0,5
24,222,7,0,6
81,48,9,0,0
51,260,6,0,1
2,231,6,0,0
30,93,9,0,2
50,207,7,0,0
81,30,9,0,3
55,210,7,0,2
48,259,6,0,1
25,247,7,1,0
28,226,6,1,3
55,300,8,0,5
42,96,9,0,3
4,253,6,0,2
13,216,7,0,1
92,7,9,0,2
48,43,9,0,2
55,254,6,0,4
40,73,9,0,4
76,3,9,0,6
42,11,9,0,0
45,305,8,0,6
57,73,9,0,5
39,202,6,0,2
40,110,9,0,0
42,240,6,0,0
42,242,6,0,5
59,97,9,0,4
20,243,7,0,3
54,73,9,0,4
32,208,7,0,1
65,235,7,0,6
23,218,6,0,4
50,88,9,0,0
60,250,6,0,0
72,123,9,0,3
50,66,9,0,6
31,39,9,0,0
49,232,7,0,0
69,200,6,0,6
59,70,9,0,5
41,62,9,0,5
26,212,7,0,2
39,203,7,0,0
62,28,9,1,3
61,89,9,0,6
38,31,9,0,6
51,259,6,0,5
31,245,6,0,2
55,235,6,0,2
25,247,7,0,4
41,82,9,0,5
2,231,7,0,1
26,221,7,0,5
33,116,9,0,0
22,79,9,0,0
34,302,8,0,2
56,6,9,0,6
51,236,7,0,0
49,47,9,0,0
37,246,7,0,3
58,123,9,0,1
1,76,9,0,3
26,103,9,0,6
41,34,9,0,0
46,95,9,0,5
21,36,9,0,1
30,248,7,0,4
53,218,6,0,2
42,21,9,0,6
68,206,7,0,2
46,39,9,0,6
52,263,6,0,5
40,36,9,0,1
32,35,9,0,4
29,210,6,0,2
39,203,7,0,2
42,232,7,0,6
83,227,7,0,4
50,71,9,0,6
42,33,9,0,4
71,61,9,0,1
44,42,9,0,5
62,235,7,0,2
76,23,9,0,2
32,306,8,0,0
60,207,6,0,5
49,201,7,0,2
38,205,7,0,4
51,203,6,0,3
4,15,9,0,5
38,222,7,0,5
60,201,6,1,3
26,38,9,0,2
46,46,9,0,0
44,120,9,0,3
34,219,7,0,4
50,113,9,0,3
16,220,7,0,5
37,33,9,0,1
34,249,7,0,2
22,246,7,0,1
46,205,6,0,2
40,230,7,0,3
51,96,9,0,1
38,248,7,0,4
57,228,7,0,6
28,206,7,0,1
19,61,9,0,2
69,98,9,0,6
53,96,9,0,3
44,37,9,0,6
44,31,9,0,0
39,122,9,0,5
15,56,9,0,1
45,101,9,0,6
44,17,9,0,4
36,64,9,0,5
48,238,7,0,6
51,85,9,0,0
58,14,9,0,1
45,246,7,0,0
43,47,9,0,6
42,245,6,0,6
46,217,7,0,6
35,202,7,0,1
34,86,9,0,5
51,70,9,0,4
7,203,6,0,1
52,229,7,0,4
36,258,6,0,1
37,207,6,0,1
31,238,6,0,6
27,226,7,0,2
60,101,9,0,1
26,242,7,0,2
27,62,9,1,4
84,252,6,0,4
66,83,9,0,1
34,223,7,0,4
51,238,6,0,4
22,65,9,0,0
63,92,9,0,6
43,89,9,0,6
58,82,9,0,5
44,308,8,0,6
29,36,9,0,6
44,74,9,0,6
30,90,9,0,6
55,82,9,0,6
32,128,9,0,3
52,2,9,0,6
32,224,6,0,1
37,120,9,0,2
27,89,9,0,1
40,303,8,1,3
36,31,9,0,6
48,233,7,0,6
42,120,9,0,5
32,208,7,0,2
19,242,6,0,0
15,129,9,0,2
48,219,6,0,1
64,209,7,0,6
44,243,7,0,3
90,245,7,0,4
46,105,9,0,6
67,25,9,0,6
40,204,6,0,2
36,105,9,0,2
67,57,9,0,3
28,303,8,0,3
37,86,9,0,0
25,228,6,0,3
34,244,7,0,0
44,225,6,0,2
2,240,7,0,2
23,308,8,0,6
36,301,8,0,4
41,221,7,0,0
1,130,9,0,5
58,33,9,0,6
63,234,7,0,4
36,66,9,0,1
55,52,9,0,6
48,243,7,0,2
65,205,6,0,6
40,70,9,0,4
60,60,9,0,6
37,75,9,0,0
1,227,7,0,4
63,64,9,0,5
36,216,7,0,0
55,230,7,0,0
36,243,7,0,2
1,15,9,0,5
41,61,9,0,2
46,302,8,0,3
28,16,9,0,1
34,65,9,0,6
7,231,6,0,1
45,206,7,0,1
49,206,7,0,2
21,67,9,0,6
19,76,9,0,6
60,221,7,0,3
51,14,9,0,4
27,88,9,0,5
4,248,7,0,6
53,83,9,0,1
48,232,6,0,1
